Name	Lat	Lon	Language	Lect	Republic	Region
Nidzh	40.94	47.66833	Udi		Azerbaijan	
Oguz	41.07083	47.45833	Udi		Azerbaijan	
Khaput	41.142778	48.194444	Kryz		Azerbaijan	
Alyk	41.1775	48.23694	Kryz		Azerbaijan	
Khynalyg	41.17778	48.12694	Khinalugh		Azerbaijan	
Budug	41.18611	48.36861	Budukh		Azerbaijan	
Dzhek	41.19694	48.24167	Kryz		Azerbaijan	
Yergyudzh	41.209167	48.283056	Kryz		Azerbaijan	
Kryz	41.21556	48.24667	Kryz		Azerbaijan	
Kryz-Dekhne	41.234681	48.304612	Kryz		Azerbaijan	
Fiy	41.289126	47.564416	Lezgian		Daghestan	
Gdym	41.30884	47.4668	Lezgian		Daghestan	
Tekipirkent	41.34201	47.88615	Lezgian		Daghestan	
Ukhul	41.35303	47.74081	Lezgian		Daghestan	
Kaladzhukh	41.366176	47.908075	Lezgian		Daghestan	
Mikrakh	41.37481	47.882489	Lezgian		Daghestan	
Khnov	41.378607	47.443605	Rutul		Daghestan	
Kiler	41.37989	47.90199	Lezgian		Daghestan	
Smugul	41.381678	47.633713	Lezgian		Daghestan	
Kerimkhanar	41.38344	47.90279	Lezgian		Daghestan	
Gandurar	41.38569	47.90811	Lezgian		Daghestan	
Esetar	41.38995	47.91008	Lezgian		Daghestan	
Midzhakh	41.395434	47.6411	Lezgian		Daghestan	
Demirar	41.400895	47.908161	Lezgian		Daghestan	
Chuvalar	41.40603	47.9094	Lezgian		Daghestan	
Karakyure	41.417413	47.962618	Lezgian		Daghestan	
Dzhaba	41.424175	47.775397	Lezgian		Daghestan	
Miskindzha	41.4242	47.8428	Lezgian		Daghestan	
Usukhchay	41.424736	47.922987	Lezgian		Daghestan	
Kurukal	41.43333	47.6875	Lezgian		Daghestan	
Novoe Karakyure	41.439123	47.948062	Lezgian		Daghestan	
Gdynk	41.457263	47.657293	Lezgian		Daghestan	
Akhty	41.45904	47.746695	Lezgian		Daghestan	
Kaluk	41.47193	47.65696	Lezgian		Daghestan	
Khkem	41.4723	47.76363	Lezgian		Daghestan	
Maka-Kazmalyar	41.475347	48.017994	Lezgian		Daghestan	
Kaka	41.478513	47.636857	Lezgian		Daghestan	
Garakh	41.48148	48.04608	Lezgian		Daghestan	
Lutkun	41.4844	47.6861	Lezgian		Daghestan	
Khryug	41.4892	47.6044	Lezgian		Daghestan	
Zrykh	41.49105	47.564736	Lezgian		Daghestan	
Khlyut	41.496274	47.533824	Lezgian		Daghestan	
Bakhtsug	41.50975	47.95065	Lezgian		Daghestan	
Mugergan	41.519797	48.175977	Lezgian		Daghestan	
Kochkhyur (Kuchkhyur)	41.5225	47.86562	Lezgian		Daghestan	
Akhnig	41.5232	47.99481	Lezgian		Daghestan	
Lakun	41.52402	47.53252	Lezgian		Daghestan	
Kiche	41.53146	47.48171	Rutul		Daghestan	
Yalak	41.532245	47.605391	Lezgian		Daghestan	
Rutul	41.5342	47.4269	Rutul		Daghestan	
Kirka	41.5369	48.1894	Lezgian		Daghestan	
Khorel'	41.53763	48.20011	Lezgian		Daghestan	
Həsənbinə	41.543056	46.480278	Avar	Zakatal	Azerbaijan	Zakatala
Kutul	41.54576	47.9666	Lezgian		Daghestan	
Aşağı Çardaxlar	41.5458116	46.3375424	Avar	Zakatal	Azerbaijan	Zakatala
Dzhepel'	41.54977	48.21947	Lezgian		Daghestan	
Igrakh	41.5525	47.52831	Lezgian		Daghestan	
Danaçı	41.5539955	46.3888687	Avar	Zakatal	Azerbaijan	Zakatala
Shtul	41.554702	47.919293	Lezgian		Daghestan	
Khyurekhyur	41.5591	47.7417	Lezgian		Daghestan	
Kabir	41.5592	48.0444	Lezgian		Daghestan	
Gil'yar	41.559978	48.256089	Lezgian		Daghestan	
Ikra	41.5633	48.0094	Lezgian		Daghestan	
Yolayrıc	41.563889	46.486389	Avar	Zakatal	Azerbaijan	Zakatala
Kufa	41.564115	47.376937	Rutul		Daghestan	
Zukhrabkent	41.56687	48.1529	Lezgian		Daghestan	
Vöhtala	41.57	46.517222	Avar	Zakatal	Azerbaijan	Zakatala
Kuysun	41.57303	48.28712	Lezgian		Daghestan	
Höytala	41.580278	46.493333	Avar	Zakatal	Azerbaijan	Zakatala
Kurdul	41.581424	47.177309	Tsakhur		Daghestan	
Iche	41.58146	47.509933	Lezgian		Daghestan	
Khnyukh	41.58289	47.43299	Rutul		Daghestan	
Tatarkhankent	41.58361	48.09608	Lezgian		Daghestan	
Khtun	41.58408	48.1739	Lezgian		Daghestan	
Kurakh	41.5842	47.7842	Lezgian		Daghestan	
Ptikent	41.58452	48.10959	Lezgian		Daghestan	
Yuxarı Çardaxlar	41.5847495	46.7100901	Avar	Zakatal	Azerbaijan	Zakatala
Saytarkent	41.58508	48.12701	Lezgian		Daghestan	
Maqov	41.590556	46.493889	Avar	Zakatal	Azerbaijan	Zakatala
Piperkent	41.59186	48.14726	Lezgian		Daghestan	
Ashakent	41.59479	47.87241	Lezgian		Daghestan	
Rugun	41.595917	47.995977	Lezgian		Daghestan	
Kakhtsug	41.59957	48.06005	Lezgian		Daghestan	
Butkent	41.60008	48.17998	Lezgian		Daghestan	
Kukvaz	41.60103	47.70543	Lezgian		Daghestan	
Sarag	41.60273	48.0164	Lezgian		Daghestan	
Ullugatag	41.6031	48.1256	Lezgian		Daghestan	
Aşağı Tala	41.603333	46.639444	Avar	Zakatal	Azerbaijan	Zaqatala
Amsar	41.60348	47.33116	Rutul		Daghestan	
Shikhikent	41.604121	48.165102	Lezgian		Daghestan	
Abaəli	41.604701	46.5362941	Avar	Zakatal	Azerbaijan	Zakatala
Paşan	41.606389	46.481389	Avar	Zakatal	Azerbaijan	Zakatala
Dardoqqaz	41.6096771	46.5362028	Avar	Zakatal	Azerbaijan	Zakatala
Luchek	41.60988	47.307307	Rutul		Daghestan	
Çökəkoba	41.611111	46.645833	Avar	Zakatal	Azerbaijan	Zakatala
Ispik	41.61489	48.19118	Lezgian		Daghestan	
Uzuntala	41.615556	46.451667	Avar	Zakatal	Azerbaijan	Zakatala
Ashar	41.615664	47.663417	Lezgian		Daghestan	
Zaqatala	41.615991	46.60675	Avar	Zakatal	Azerbaijan	Zakatala
Göyəm	41.6163962	46.5834152	Avar	Zakatal	Azerbaijan	Zakatala
Kina	41.6166	47.2647	Rutul		Daghestan	
Sumaylı	41.6172706	46.5632128	Avar	Zakatal	Azerbaijan	Zakatala
Magaramkent	41.6186	48.3514	Lezgian		Daghestan	
Shinaz	41.618658	47.375666	Rutul		Daghestan	
Khpedzh	41.62212	47.72586	Lezgian		Daghestan	
Tuyurbina	41.62333	46.55694	Avar	Zakatal	Azerbaijan	Zakatala
Yuxarı Tala	41.623333	46.660556	Avar	Zakatal	Azerbaijan	Zaqatala
Yukhari-Kartas	41.62364	48.10125	Lezgian		Daghestan	
Gel'mets	41.62466	47.17889	Tsakhur		Daghestan	
Asalikent	41.6298	48.16777	Lezgian		Daghestan	
Sal'yan	41.63006	48.19895	Lezgian		Daghestan	
Biçiqarbinə	41.631667	46.363056	Avar	Zakatal	Azerbaijan	Belokan
Ashagakartas	41.63177	48.1193	Lezgian		Daghestan	
Mollaçibinə	41.633333	46.45	Avar	Zakatal	Azerbaijan	Belokan
Novyy Ispik	41.63566	48.18933	Lezgian		Daghestan	
Püştətala	41.637222	46.409167	Avar	Zakatal	Azerbaijan	Belokan
Mikikh	41.63753	47.16822	Tsakhur		Daghestan	
Beretbinə	41.638056	46.477222	Avar	Zakatal	Azerbaijan	Belokan
Mazımqarışan	41.638889	46.263056	Avar	Zakatal	Azerbaijan	Belokan
Kebeloba	41.6410078	46.6324353	Avar	Zakatal	Azerbaijan	Zakatala
Zilban	41.6450246	46.6569721	Avar	Zakatal	Azerbaijan	Zakatala
Vrush	41.646787	47.310094	Rutul		Daghestan	
Roçəhməd	41.648333	46.386944	Avar	Zakatal	Azerbaijan	Belokan
Khnyakh	41.648441	47.153831	Tsakhur		Daghestan	
Syugut	41.64944	47.11833	Tsakhur		Daghestan	
Tsakhur	41.651115	47.135943	Tsakhur		Daghestan	
Shimikhyur	41.6539	47.6994	Lezgian		Daghestan	
Dzhilikhur	41.65545	47.26768	Rutul		Daghestan	
Tselyagyun	41.6569	48.2889	Lezgian		Daghestan	
Katex	41.6570438	46.4771274	Avar	Zakatal	Azerbaijan	Belokan
Muslakh	41.65889	47.11185	Tsakhur		Daghestan	
Gel'khen	41.659002	47.602833	Lezgian		Daghestan	
Mazıx	41.6607203	46.5466254	Avar	Zakatal	Azerbaijan	Zakatala
Akhvakh-Dere	41.660912	46.652713	Akhvakh		Azerbaijan	
Car	41.6630344	46.6586135	Avar	Zakatal	Azerbaijan	Zakatala
Mishlesh	41.6649	47.089775	Tsakhur		Daghestan	
Tsudik	41.66611	47.28056	Rutul		Daghestan	
Khpyuk	41.66667	47.66667	Aghul		Daghestan	
Ottal	41.667678	47.012864	Tsakhur		Daghestan	
Myukhrek	41.667696	47.280013	Rutul		Daghestan	
Kachalkent	41.66885	48.04288	Lezgian		Daghestan	
Korsh	41.66952	47.06211	Tsakhur		Daghestan	
Dzhinykh	41.67245	47.04479	Tsakhur		Daghestan	
Usug	41.672481	47.594624	Aghul		Daghestan	
Aran	41.67389	47.24639	Rutul		Daghestan	
Kasumkent	41.6789	48.1394	Lezgian		Daghestan	
Kvardal	41.6803	47.56277	Aghul		Daghestan	
Ashaga-Stal-Kazmalyar	41.681705	48.218336	Lezgian		Daghestan	
Ichin	41.68263	47.99189	Lezgian		Daghestan	
Tsmur	41.6842	48.0567	Lezgian		Daghestan	
Kal'yal	41.684366	47.003665	Tsakhur		Daghestan	
Qəbizdərə	41.6937098	46.5720532	Avar	Zakatal	Azerbaijan	Zakatala
Ikhrek	41.693931	47.210005	Rutul		Daghestan	
Ukuz	41.696017	47.591355	Aghul		Daghestan	
Novyy Usur	41.69639	48.35444	Lezgian		Daghestan	
Tsnal	41.69641	47.99767	Lezgian		Daghestan	
Ashaga-Stal	41.69724	48.19462	Lezgian		Daghestan	
Yukhari-Zakhit	41.69779	47.9426	Lezgian		Daghestan	
Şambul	41.699167	46.275	Avar	Zakatal	Azerbaijan	Belokan
Çədərovtala	41.7002104	46.2805503	Avar	Zakatal	Azerbaijan	Belokan
Mukhakh	41.70068	46.991105	Tsakhur		Daghestan	
Khveredzh	41.70206	47.57218	Aghul		Daghestan	
Saidkent	41.70213	48.11319	Lezgian		Daghestan	
Meşəşambul	41.703333	46.273333	Avar	Zakatal	Azerbaijan	Belokan
Orta-Stal	41.70335	48.17075	Lezgian		Daghestan	
Gereykhanovskoe	41.7047	48.2869	Lezgian		Daghestan	
But-Kazmalyar	41.705274	48.396665	Lezgian		Daghestan	
Yukhari-Stal	41.70734	48.1548	Lezgian		Daghestan	
Tslak	41.71272	47.93997	Lezgian		Daghestan	
Kurkent	41.7133	48.1094	Lezgian		Daghestan	
Bedyuk	41.716044	47.525715	Aghul		Daghestan	
Alkadar	41.7163	48.08667	Lezgian		Daghestan	
Trkal	41.716681	47.970481	Lezgian		Daghestan	
Xalatala	41.7168652	46.1896965	Avar	Zakatal	Azerbaijan	Belokan
Filya	41.71803	48.46103	Lezgian		Daghestan	
Ashaga-Tsinit	41.72324	48.00882	Lezgian		Daghestan	
Khodzha-Kazmalyar	41.72534	48.438	Lezgian		Daghestan	
Sardarkent	41.7255	48.0622	Lezgian		Daghestan	
Novyy Aul	41.731837	48.399957	Lezgian		Daghestan	
Zakhit	41.732197	48.369784	Lezgian		Daghestan	
Şərif	41.733333	46.25	Avar	Zakatal	Azerbaijan	Belokan
Ashaga-Arkhit	41.734607	47.97302	Lezgian		Daghestan	
Qullar	41.736667	46.448333	Avar	Zakatal	Azerbaijan	Belokan
Mahamalar	41.737222	46.396111	Avar	Zakatal	Azerbaijan	Belokan
Yukhari-Arkhit	41.7405	47.95878	Lezgian		Daghestan	
Koshkent	41.7414	48.0386	Lezgian		Daghestan	
Chilikar	41.74196	48.065	Lezgian		Daghestan	
Nizhniy Katrukh	41.742979	47.203482	North Azerbaijani		Daghestan	
Verkhniy Katrukh	41.7468	47.22355	Lak		Daghestan	
Khoredzh	41.74914	47.8667	Tabasaran		Daghestan	
Kabir-Kazmalyar	41.7498	48.48848	Lezgian		Daghestan	
Kontsil'	41.751813	48.018508	Lezgian		Daghestan	
Khiv	41.7533	47.9286	Tabasaran		Daghestan	
Goa	41.753585	47.703213	Aghul		Daghestan	
Nyutyug	41.75392	48.11773	Lezgian		Daghestan	
Ekendil'	41.75518	48.13179	Lezgian		Daghestan	
Klichkhan	41.75569	48.42533	Lezgian		Daghestan	
Laka	41.75705	47.88114	Tabasaran		Daghestan	
Asakent	41.75759	48.00748	Lezgian		Daghestan	
Kchun-Kazmalyar	41.76261	48.48966	Lezgian		Daghestan	
Bugdatepe	41.76286	48.39293	Lezgian		Daghestan	
Eminkhyur	41.76332	48.33115	Lezgian		Daghestan	
Richa	41.763646	47.502769	Aghul		Daghestan	
Duldug	41.76833	47.67438	Aghul		Daghestan	
Zizik	41.7692	48.1097	Lezgian		Daghestan	
Kug	41.7711	47.9647	Lezgian		Daghestan	
Novaya Maka	41.772025	48.359721	Lezgian		Daghestan	
Karchag	41.77369	48.15948	Lezgian		Daghestan	
Arakul	41.77377	47.21238	Lak		Daghestan	
Oruzhba	41.775686	48.432854	Lezgian		Daghestan	
Zaza	41.77734	48.04628	Lezgian		Daghestan	
Chukhverkent	41.77797	48.37314	Lezgian		Daghestan	
Tpig	41.780423	47.589523	Aghul		Daghestan	
Kusur	41.781293	46.949207	Avar		Daghestan	
Tsuduk	41.78225	47.89671	Tabasaran		Daghestan	
Archug	41.7843	47.86009	Tabasaran		Daghestan	
Khutkhul	41.78517	47.61451	Aghul		Daghestan	
Chakhchakh-Kazmalyar	41.78651	48.50046	Lezgian		Daghestan	
Yargil'	41.79004	47.95429	Tabasaran		Daghestan	
Fite	41.79161	47.73998	Aghul		Daghestan	
Yarkug	41.79814	47.68435	Aghul		Daghestan	
Yarukvalar	41.79842	48.41318	Lezgian		Daghestan	
Kondik	41.8028	47.8733	Tabasaran		Daghestan	
Darkush-Kazmalyar	41.80608	48.38985	Lezgian		Daghestan	
Mezhgyul'	41.8061	48.0075	Tabasaran		Daghestan	
Burkikhan	41.806356	47.538467	Aghul		Daghestan	
Chere	41.80685	48.0425	Tabasaran		Daghestan	
Chuvek	41.807699	47.901711	Tabasaran		Daghestan	
Misi	41.80991	47.60329	Aghul		Daghestan	
Khtun-Kazmalyar	41.81114	48.51884	Lezgian		Daghestan	
Zil'dik	41.81292	47.98958	Tabasaran		Daghestan	
Tagirkent-Kazmalyar	41.814927	48.511106	Lezgian		Daghestan	
Kartas-Kazmalyar	41.81717	48.39484	Lezgian		Daghestan	
Bil'bil'-Kazmalyar	41.82188	48.5448	Lezgian		Daghestan	
Ashaga-Yarak	41.822988	47.952033	Tabasaran		Daghestan	
Kushtil'	41.8289	47.8894	Tabasaran		Daghestan	
Samur	41.829176	48.487012	Lezgian		Daghestan	
Azadogly	41.83019	48.44848	Lezgian		Daghestan	
Kullar	41.8364	48.3878	Lezgian		Daghestan	
Kurag	41.836764	47.661351	Aghul		Daghestan	
Yukhari-Yarak	41.83714	47.94825	Tabasaran		Daghestan	
Chirag	41.8381	47.4303	Dargwa		Daghestan	
Kumuk	41.839407	48.420118	Lezgian		Daghestan	
Sirtich	41.8406	48.2347	Tabasaran		Daghestan	
Nichras	41.84358	48.01174	Tabasaran		Daghestan	
Primorskiy	41.845694	48.580097	Lezgian		Daghestan	
Novyy Frig	41.85306	48.35743	Lezgian		Daghestan	
Khudig	41.85373	47.65854	Aghul		Daghestan	
Gyukhryag	41.854055	48.172785	Tabasaran		Daghestan	
Turag	41.8586	47.9744	Tabasaran		Daghestan	
Nyugdi	41.85872	48.43455	Lezgian		Daghestan	
Khursatil'	41.862503	47.793991	Tabasaran		Daghestan	
Furdag	41.86348	47.86215	Tabasaran		Daghestan	
Arsug	41.86408	47.65011	Aghul		Daghestan	
Urga	41.869933	47.85522	Tabasaran		Daghestan	
Belidzhi	41.870833	48.388611	Lezgian		Daghestan	
Vertil'	41.87358	47.85893	Tabasaran		Daghestan	
Kulig	41.874076	47.865347	Tabasaran		Daghestan	
Garig	41.8766	47.88498	Tabasaran		Daghestan	
Atrik	41.88042	47.78046	Tabasaran		Daghestan	
Lyakhlya	41.88087	47.87761	Tabasaran		Daghestan	
Chulat	41.880921	48.154399	Tabasaran		Daghestan	
Dzhuli	41.8822	47.85399	Tabasaran		Daghestan	
Khyuryak	41.88238	48.07289	Tabasaran		Daghestan	
Kuvig	41.88482	47.886538	Tabasaran		Daghestan	
Urtil'	41.89153	47.89347	Tabasaran		Daghestan	
Sika	41.89173	47.97821	Tabasaran		Daghestan	
Gumi	41.894319	47.868304	Tabasaran		Daghestan	
Rubas	41.895476	48.329618	North Azerbaijani		Daghestan	
Burshag	41.89626	47.64102	Aghul		Daghestan	
Zinobiani	41.89694	45.93306	Udi		Georgia	
Burgankent	41.89939	48.06439	Tabasaran		Daghestan	
Aglobi	41.90152	48.35017	Lezgian		Daghestan	
Afna	41.902075	47.861413	Tabasaran		Daghestan	
Saruso	41.9034507	45.991913	Hunzib		Georgia	Kakheti
Sikukh	41.90457	47.84596	Tabasaran		Daghestan	
Khalag	41.90551	47.88935	Tabasaran		Daghestan	
Turuf	41.90569	48.00688	Tabasaran		Daghestan	
Kyuryag	41.907094	47.853636	Tabasaran		Daghestan	
Aladash	41.907149	48.349478	Lezgian		Daghestan	
Muzaim	41.90837	48.29136	North Azerbaijani		Daghestan	
Tivi	41.9086801	45.9489227	Avar	Ancux	Georgia	Kakheti
Kamilukh	41.90911	46.63101	Avar		Daghestan	
Chantliskure	41.9095028	45.9071768	Hunzib		Georgia	Kakheti
Bukhnag	41.910587	47.872994	Tabasaran		Daghestan	
Kurkak	41.91096	47.971699	Tabasaran		Daghestan	
Tinit	41.9131	48.0592	Tabasaran		Daghestan	
Khanak	41.91373	47.86645	Tabasaran		Daghestan	
Dirbakmakhi	41.914	47.4928	Dargwa		Daghestan	
Amukh	41.9142	47.5422	Dargwa		Daghestan	
Tsirkhe	41.91513	47.59679	Aghul		Daghestan	
Anklukh	41.91667	47.53333	Dargwa		Daghestan	
Genekolob	41.916992	46.600199	Avar		Daghestan	
Vechrik	41.9171	47.96184	Tabasaran		Daghestan	
Guvlig	41.91824	47.85213	Tabasaran		Daghestan	
Tsurtil'	41.918365	47.932001	Tabasaran		Daghestan	
Dzhugdil'	41.919222	47.979531	Tabasaran		Daghestan	
Mollakent	41.9233	48.3864	Lezgian		Daghestan	
Gasikh	41.92398	47.8847	Tabasaran		Daghestan	
Firgil'	41.92507	48.02587	Tabasaran		Daghestan	
Sertil'	41.92531	47.86522	Tabasaran		Daghestan	
Ushnyug	41.92639	48.00306	Tabasaran		Daghestan	
Kuvag	41.926587	47.90245	Tabasaran		Daghestan	
Akka	41.92686	47.9297	Tabasaran		Daghestan	
Dagni	41.931594	47.911846	Tabasaran		Daghestan	
Avadan	41.93376	48.33858	Lezgian		Daghestan	
Arablyar	41.935	48.38306	Lezgian		Daghestan	
Dyuzler	41.93583	48.265	Tabasaran		Daghestan	
Kharkhni	41.939561	47.880088	Tabasaran		Daghestan	
Tsukhdyg	41.94056	47.98139	Tabasaran		Daghestan	
Tsanak	41.94266	48.04137	North Azerbaijani		Daghestan	
Gerel'	41.94451	46.551888	Avar		Daghestan	
Gisik	41.94475	47.91451	Tabasaran		Daghestan	
Kharag	41.945423	47.825106	Tabasaran		Daghestan	
Gelinbatan	41.94722	48.16722	Aghul		Daghestan	
Arkit	41.947308	48.014025	Tabasaran		Daghestan	
Khuchni	41.947717	47.945961	Tabasaran		Daghestan	
Shile	41.94774	47.82939	Tabasaran		Daghestan	
Urzig	41.94811	47.84992	Tabasaran		Daghestan	
Betel'da	41.95077	46.54164	Avar		Daghestan	
Lyakhe	41.952293	47.914701	Tabasaran		Daghestan	
Kyurek	41.95258	47.85934	Tabasaran		Daghestan	
Churdaf	41.95272	47.8636	Tabasaran		Daghestan	
Dzhul'dzhag	41.95485	47.88933	Tabasaran		Daghestan	
Tsantil'	41.95508	47.86271	Tabasaran		Daghestan	
Kuzhnik	41.95549	47.82231	Tabasaran		Daghestan	
Rushul'	41.9567	48.01232	Tabasaran		Daghestan	
Uluz	41.95721	47.83714	Tabasaran		Daghestan	
Dzhul'dzhinif	41.957235	47.912939	Tabasaran		Daghestan	
Kunki	41.95923	47.47173	Dargwa		Daghestan	
Kulif	41.95955	47.88391	Tabasaran		Daghestan	
Ashty	41.961098	47.502559	Dargwa		Daghestan	
Arak	41.96112	47.98984	Tabasaran		Daghestan	
Turaga	41.96152	47.80188	Dargwa		Daghestan	
Gortnob	41.962665	46.525604	Avar		Daghestan	
Yurgulig	41.962775	47.896658	Tabasaran		Daghestan	
Gurik	41.962788	47.919474	Tabasaran		Daghestan	
Yergyunyag	41.96295	47.89501	Tabasaran		Daghestan	
Maraga	41.9633	48.1208	North Azerbaijani		Daghestan	
Ul'geb	41.964253	46.523688	Avar		Daghestan	
Pendzhi (Penzhik)	41.966	48.05	North Azerbaijani		Daghestan	
Khuduts	41.96638	47.51297	Dargwa		Daghestan	
Yekrag	41.967212	48.044297	North Azerbaijani		Daghestan	
Kheli	41.967458	48.058177	North Azerbaijani		Daghestan	
Arablinskoe	41.9675	48.3303	Lezgian		Daghestan	
Kirki	41.96917	47.81333	Dargwa		Daghestan	
Lidzhe	41.97245	47.98057	Tabasaran		Daghestan	
Pilig	41.97418	47.8687	Tabasaran		Daghestan	
Khanag	41.97444	47.90333	Tabasaran		Daghestan	
Salda	41.97497	46.50848	Avar		Daghestan	
Shilansha	41.97502	47.78696	Dargwa		Daghestan	
Novoe Lidzhe	41.976624	48.008813	Tabasaran		Daghestan	
Rugudzh	41.976755	47.89161	Tabasaran		Daghestan	
Yagdyg	41.980115	47.970578	Tabasaran		Daghestan	
Choroda	41.98096	46.49696	Avar		Daghestan	
Vavilovo	41.98331	48.33065	Lezgian		Daghestan	
Surkhavkent	41.983999	47.827576	Dargwa		Daghestan	
Khurik	41.98583	47.89861	Tabasaran		Daghestan	
Khapil'	41.98722	47.97731	Tabasaran		Daghestan	
Rukel'	41.9881	48.2253	North Azerbaijani		Daghestan	
Nizhniy Dzhalgan	41.99007	48.31898	North Azerbaijani		Daghestan	
Shuragat	41.99186	47.83994	Dargwa		Daghestan	
Varsit	41.992062	47.82111	Dargwa		Daghestan	
Tatil'	41.99269	47.98826	Tabasaran		Daghestan	
Khosrekh	41.9939	47.2706	Lak		Daghestan	
Khazar	41.9944	48.3375	North Azerbaijani		Daghestan	
Mugarty	41.9947	48.1614	North Azerbaijani		Daghestan	
Zil'	41.99616	48.03356	North Azerbaijani		Daghestan	
Itsari	41.99733	47.5833	Dargwa		Daghestan	
Gagar	41.999252	46.592744	Avar		Daghestan	
Kirtsik	42.00129	47.84068	Dargwa		Daghestan	
Khustil'	42.00335	47.93489	Tabasaran		Daghestan	
Pilyaki	42.00537	47.85667	Dargwa		Daghestan	
Ayatsimakhi	42.00618	47.46117	Dargwa		Daghestan	
Karbuchimakhi	42.007461	47.429948	Dargwa		Daghestan	
Adaga	42.00972	47.71357	Dargwa		Daghestan	
Tsimguda	42.01269	46.5665	Avar		Daghestan	
Nikabarkmakhi	42.01667	47.41667	Dargwa		Daghestan	
Mitagi	42.01736	48.19083	North Azerbaijani		Daghestan	
Tokhota	42.0178	46.4639	Avar		Daghestan	
Yersi	42.018844	48.012897	North Azerbaijani		Daghestan	
Gurkhun'	42.0203	47.92712	Tabasaran		Daghestan	
Dyubek	42.0208	47.969528	Tabasaran		Daghestan	
Darvag	42.022285	48.065912	North Azerbaijani		Daghestan	
Kuli	42.0227595	47.2387802	Lak		Daghestan	
Dzhalgan	42.02454	48.26224	North Azerbaijani		Daghestan	
Sur-Surbachi	42.02667	47.49157	Dargwa		Daghestan	
Karashimakhi	42.02781	47.3975	Dargwa		Daghestan	
Tlyanada	42.02864	46.51038	Avar		Daghestan	
Verkhnie Chiamakhi	42.02996	47.38803	Dargwa		Daghestan	
Bukkamakhi	42.03148	47.41884	Dargwa		Daghestan	
Burshi	42.03161	47.06349	Lak		Daghestan	
Saniorta	42.03195	46.44246	Avar		Daghestan	
Mitagi-Kazmalyar	42.035494	48.204804	North Azerbaijani		Daghestan	
Duregi	42.03585	47.76541	Dargwa		Daghestan	
Kubatl'	42.03659	46.85973	Archi		Daghestan	
Nizhnie Chiamakhi	42.036598	47.39	Dargwa		Daghestan	
Tsovkra Vtoraya	42.03978	47.1526	Lak		Daghestan	
Bazhluk	42.040295	47.808314	Dargwa		Daghestan	
Sumiya	42.04344	47.45616	Dargwa		Daghestan	
Urkhulakar	42.04352	47.40002	Dargwa		Daghestan	
Zemo-Alvani	42.04444	45.30083	Bats		Georgia	
Kassagumakhi	42.044941	47.371867	Dargwa		Daghestan	
Kaddamakhi	42.045284	47.356444	Dargwa		Daghestan	
Bikalamakhi	42.04647	47.36054	Dargwa		Daghestan	
Sumbatl'	42.04682	47.21919	Lak		Daghestan	
Gunnamakhi	42.04729	47.37328	Dargwa		Daghestan	
Nitilsukh	42.04732	46.42938	Avar		Daghestan	
Talsukh	42.04741	46.40589	Avar		Daghestan	
Guzbaya	42.04744	47.51385	Dargwa		Daghestan	
Ruka	42.04751	47.92312	Dargwa		Daghestan	
Shilyagi	42.0486	47.7903	Dargwa		Daghestan	
Garakolob	42.048887	46.455015	Avar		Daghestan	
Dzilebki	42.04989	47.55693	Dargwa		Daghestan	
Nizhniy Karshli	42.049911	47.343884	Dargwa		Daghestan	
Verkhniy Karshli	42.05018	47.34231	Dargwa		Daghestan	
Dzhavgat	42.0506	47.9375	Dargwa		Daghestan	
Zid'yan	42.050776	48.142558	North Azerbaijani		Daghestan	
Ritlyab	42.05087	46.71917	Avar		Daghestan	
Kishamakhi	42.051	47.44197	Dargwa		Daghestan	
Alchunib	42.05196	46.86943	Archi		Daghestan	
Mashaty	42.05398	47.88286	Dargwa		Daghestan	
Khulabarkmakhi	42.05455	47.45676	Dargwa		Daghestan	
Kulidzha	42.054682	47.772754	Dargwa		Daghestan	
Rosnob	42.055	46.41194	Avar		Daghestan	
Uzralmakhi	42.05782	47.44987	Dargwa		Daghestan	
Arassamakhi	42.0579	47.40111	Dargwa		Daghestan	
Khilikh	42.05838	46.88751	Archi		Daghestan	
Tsovkra 1-ya	42.05917	47.27056	Lak		Daghestan	
Tsumilukh	42.05974	46.41242	Avar		Daghestan	
Dzhibakhni	42.06051	47.90847	Dargwa		Daghestan	
Shiri (Shari)	42.060627	47.589895	Dargwa		Daghestan	
Dzhigiya	42.06139	47.79597	Dargwa		Daghestan	
Urzhagimakhi	42.06149	47.37056	Dargwa		Daghestan	
Sabnova	42.063172	48.254419	North Azerbaijani		Daghestan	
Duakar	42.064159	47.460081	Dargwa		Daghestan	
Keserib	42.0647	46.888	Archi		Daghestan	
Utsulimakhi	42.064935	47.42661	Dargwa		Daghestan	
Archib	42.0664	46.8678	Archi		Daghestan	
Mukrakari	42.06667	47.5	Dargwa		Daghestan	
Siragi	42.06667	47.56667	Dargwa		Daghestan	
Urkutamakhi 2-aya	42.06667	47.53333	Dargwa		Daghestan	
Amuzgi	42.068009	47.597806	Dargwa		Daghestan	
Uragi	42.06914	47.569377	Dargwa		Daghestan	
Mizhigli	42.0697	47.79989	Dargwa		Daghestan	
Kulegu	42.07003	47.88401	Dargwa		Daghestan	
Kalib	42.07054	46.86002	Archi		Daghestan	
Dzhinabi	42.070864	47.860318	Dargwa		Daghestan	
Urkutamakhi Pervaya	42.07093	47.52058	Dargwa		Daghestan	
Gul'dy	42.07113	47.68936	Dargwa		Daghestan	
Vachi	42.0722	47.2136	Lak		Daghestan	
Lischa	42.072834	47.740462	Dargwa		Daghestan	
Kubrimakhi	42.073018	47.372684	Dargwa		Daghestan	
Ayatsuri	42.07354	47.45121	Dargwa		Daghestan	
Nikar	42.0737	46.406903	Avar		Daghestan	
Butri	42.07426	47.44048	Dargwa		Daghestan	
Butulta	42.07426	47.44048	Dargwa		Daghestan	
Natsi	42.075335	47.38728	Dargwa		Daghestan	
Khitab	42.07538	46.867234	Archi		Daghestan	
Nakhki	42.07562	47.39905	Dargwa		Daghestan	
Kaya	42.0765	47.20219	Lak		Daghestan	
Surgiya	42.077112	47.717301	Dargwa		Daghestan	
Kuliyamakhi	42.07717	47.33501	Dargwa		Daghestan	
Tsushar	42.0774	47.14038	Lak		Daghestan	
Karayamakhi	42.07822	47.34643	Dargwa		Daghestan	
Tuzlamakhi	42.07877	47.36836	Dargwa		Daghestan	
Zid'yan-Kazmalyar	42.07957	48.15655	North Azerbaijani		Daghestan	
Barnab	42.07964	46.37894	Avar		Daghestan	
Sikar	42.07966	46.41127	Avar		Daghestan	
Khadagi	42.08067	47.89726	Dargwa		Daghestan	
Urkhnischa	42.08278	47.50306	Dargwa		Daghestan	
Giyagaramakhi	42.08381	47.37841	Dargwa		Daghestan	
Karkatsi	42.08389	47.46694	Dargwa		Daghestan	
Murlatinamakhi	42.08451	47.35718	Dargwa		Daghestan	
Kubachi	42.0856	47.6031	Dargwa		Daghestan	
Bil'gadi	42.08581	48.13462	North Azerbaijani		Daghestan	
Gaziya	42.085935	47.817633	Dargwa		Daghestan	
Kartalay	42.08709	47.85834	Dargwa		Daghestan	
Daknisa	42.08758	47.72711	Dargwa		Daghestan	
Karatsan	42.0886	47.8683	Dargwa		Daghestan	
Shalib	42.09007	46.91826	Lak		Daghestan	
Dzhurmachi	42.09049	47.69572	Dargwa		Daghestan	
Dzhirabachi	42.09091	47.73513	Dargwa		Daghestan	
Khulisma	42.09299	47.05741	Lak		Daghestan	
Khungiya	42.09321	47.80518	Dargwa		Daghestan	
Khoymi	42.09367	47.20822	Lak		Daghestan	
Khamar	42.095868	46.383695	Avar		Daghestan	
Kutlab	42.09663	46.32982	Avar		Daghestan	
Goab	42.097185	46.738407	Avar		Daghestan	
Nadar	42.09736	46.36025	Avar		Daghestan	
Khadiyal	42.0989	46.4653	Avar		Daghestan	
Urtsaki	42.09916	47.56236	Dargwa		Daghestan	
Urari	42.0997	47.4569	Dargwa		Daghestan	
Turakarimakhi	42.1	47.46667	Dargwa		Daghestan	
Kundakh	42.10013	47.09148	Lak		Daghestan	
Sutbuk	42.1036	47.5403	Dargwa		Daghestan	
Chitab	42.10412	46.86914	Avar		Daghestan	
Tsyysha	42.10442	47.22358	Lak		Daghestan	
Khurkhi	42.10627	47.12617	Lak		Daghestan	
Tsugni	42.107276	47.400902	Dargwa		Daghestan	
Chinar	42.1075	48.1439	North Azerbaijani		Daghestan	
Tilutl'	42.109079	46.350054	Avar		Daghestan	
Tadiyal	42.11099	46.4823	Avar		Daghestan	
Kardib	42.111443	46.514655	Avar		Daghestan	
Tokh-Orda	42.11174	46.35982	Avar		Daghestan	
Barshamay	42.11176	47.85143	Dargwa		Daghestan	
Gulebki	42.11181	47.39688	Dargwa		Daghestan	
Churtakh	42.11257	47.08687	Lak		Daghestan	
Gindib	42.11296	46.50397	Avar		Daghestan	
Guladty	42.11523	47.45074	Dargwa		Daghestan	
Tulizma	42.115654	47.119069	Lak		Daghestan	
Shara	42.115737	47.135907	Lak		Daghestan	
Bakni	42.11618	47.53095	Dargwa		Daghestan	
Gilib	42.1169	46.7761	Avar		Daghestan	
Trisanchi	42.118091	47.70559	Dargwa		Daghestan	
Iragi	42.11889	47.75336	Dargwa		Daghestan	
Akhmedkent	42.12036	47.81047	Dargwa		Daghestan	
Dibgalik	42.120363	47.652521	Dargwa		Daghestan	
Ukal	42.12163	46.34771	Avar		Daghestan	
Sukiyakh	42.12168	47.23611	Lak		Daghestan	
Madzhalis	42.1217	47.8333	Dargwa		Daghestan	
Khoykhi	42.12179	47.18526	Lak		Daghestan	
Karanub	42.12262	46.81777	Avar		Daghestan	
Novyy Urkarakh	42.12361	48.21917	Dargwa		Daghestan	
Doronub	42.124689	46.809427	Avar		Daghestan	
Gedzhukh	42.1247	48.0661	Dargwa		Daghestan	
Tlyadal	42.125339	46.237247	Bezhta		Daghestan	
Chanab	42.125345	46.90434	Avar		Daghestan	
Kutikh	42.12587	46.78902	Avar		Daghestan	
Vikhli	42.1269	47.2219	Lak		Daghestan	
Dusrakh	42.1275	46.8792	Avar		Daghestan	
Kukni	42.12819	47.15973	Lak		Daghestan	
Kulushats	42.1283	47.0983	Lak		Daghestan	
Khasharkhota	42.12912	46.142158	Bezhta		Daghestan	
Chvadab	42.13028	46.87639	Avar		Daghestan	
Mirzita	42.1309	47.47663	Dargwa		Daghestan	
Kosroda	42.13141	46.85829	Avar		Daghestan	
Sanchi	42.13244	47.82243	Dargwa		Daghestan	
Govkra	42.13254	47.12389	Lak		Daghestan	
Zubanchi	42.13309	47.70417	Dargwa		Daghestan	
Kudagu	42.13322	47.73006	Dargwa		Daghestan	
Bezhta	42.1339	46.1247	Bezhta		Daghestan	
Gendukh	42.13476	46.403084	Avar		Daghestan	
Irichi	42.13548	47.79158	Dargwa		Daghestan	
Gvedysh	42.13591	46.41437	Avar		Daghestan	
Urgani	42.13638	47.36146	Dargwa		Daghestan	
Gunzib	42.137257	46.264448	Hunzib		Daghestan	
Shulerchi	42.13744	47.56335	Dargwa		Daghestan	
Kani	42.13937	47.18846	Lak		Daghestan	
Chitur	42.13954	47.10151	Lak		Daghestan	
Zil'bachi	42.139973	47.717838	Dargwa		Daghestan	
Shovkra	42.14008	47.12741	Lak		Daghestan	
Khurshni	42.14036	47.48966	Dargwa		Daghestan	
Tlyarobazutl'	42.14039	46.77575	Avar		Daghestan	
Chakhdikna	42.14116	47.76044	Dargwa		Daghestan	
Kubra	42.14373	47.08175	Lak		Daghestan	
Nakhada	42.14406	46.19143	Hunzib		Daghestan	
Kala	42.1464	48.1634	North Azerbaijani		Daghestan	
Nukush	42.1492	46.80579	Avar		Daghestan	
Inisha	42.15031	47.20492	Lak		Daghestan	
Guschi	42.15128	47.09368	Lak		Daghestan	
Tsemer	42.15195	46.75296	Avar		Daghestan	
Chishili	42.15228	47.66839	Dargwa		Daghestan	
Garbutl'	42.153227	46.219098	Hunzib		Daghestan	
Khurukra	42.15663	47.13422	Lak		Daghestan	
Mogrob	42.15672	46.86521	Avar		Daghestan	
Viraty	42.15675	47.20107	Lak		Daghestan	
Kharbuk	42.158768	47.530832	Dargwa		Daghestan	
Nitsovkra	42.15951	47.081271	Chechen		Daghestan	
Irib	42.1606	46.8169	Avar		Daghestan	
Urkarakh	42.1606	47.6339	Dargwa		Daghestan	
Surkhachi	42.16143	47.74083	Dargwa		Daghestan	
Dibgashi	42.1617	47.6944	Dargwa		Daghestan	
Childa	42.16328	46.34734	Avar		Daghestan	
Iraki	42.16405	47.71739	Dargwa		Daghestan	
Tanty	42.1642	47.3167	Dargwa		Daghestan	
Khuri	42.170115	47.12522	Lak		Daghestan	
Kumukh	42.1706	47.1175	Lak		Daghestan	
Anada	42.17306	46.36917	Avar		Daghestan	
Salik	42.17335	48.08635	North Azerbaijani		Daghestan	
Buskri	42.17359	47.66673	Dargwa		Daghestan	
Baginub	42.1743	46.88159	Avar		Daghestan	
Mallakent	42.17448	47.79664	Dargwa		Daghestan	
Khinub	42.17454	46.82406	Avar		Daghestan	
Kuchrab	42.17506	46.90244	Avar		Daghestan	
Genukh	42.1764	45.98646	Hinuq		Daghestan	
Kischa	42.17677	47.58117	Dargwa		Daghestan	
Lakhir	42.17688	47.17802	Lak		Daghestan	
Imeni Michurina	42.17695	48.19867	North Azerbaijani		Daghestan	
Kalkni	42.17732	47.70499	Dargwa		Daghestan	
Gunakari	42.17776	47.69262	Dargwa		Daghestan	
Khidib	42.17812	46.36299	Avar		Daghestan	
Tlobzoda	42.17944	46.37111	Avar		Daghestan	
Ubra	42.179776	47.102963	Lak		Daghestan	
Khuna	42.179791	47.160847	Lak		Daghestan	
Yunyy Pakhar'	42.180183	48.160227	North Azerbaijani		Daghestan	
Novaya Barsha	42.18284	47.836	Dargwa		Daghestan	
El'bok	42.183907	45.906506	Tsez		Daghestan	
Turtsi	42.18409	47.16817	Lak		Daghestan	
Khurukh	42.18441	46.85807	Avar		Daghestan	
Tumeller	42.1846	47.84238	Kumyk		Daghestan	
Rul'dab	42.18472	46.85028	Avar		Daghestan	
Khuty	42.1875	47.07	Avar		Daghestan	
Velikent	42.1875	48.0647	North Azerbaijani		Daghestan	
Khibiyatl'	42.187996	45.874341	Tsez		Daghestan	
Katroso	42.188329	46.33021	Avar		Daghestan	
Antsukh	42.1892	46.3397	Avar		Daghestan	
Gebguda	42.190026	46.354817	Avar		Daghestan	
Chadakolob	42.19182	46.31981	Avar		Daghestan	
Shadni	42.192172	47.648927	Lak		Daghestan	
Kidero	42.1931	45.9583	Tsez		Daghestan	
Khorta	42.19329	46.35976	Avar		Daghestan	
Chododa	42.193439	46.314784	Avar		Daghestan	
Noyrukh	42.193895	46.38005	Avar		Daghestan	
Shuni	42.19414	47.17229	Lak		Daghestan	
Magar	42.19546	46.843669	Avar		Daghestan	
Mukutl'	42.19562	46.861381	Avar		Daghestan	
Zekhida	42.19594	45.94664	Tsez		Daghestan	
Zhazhada	42.197157	46.424903	Avar		Daghestan	
Vitsiyatl'	42.197434	45.888164	Tsez		Daghestan	
Kurla	42.19768	47.18731	Lak		Daghestan	
Mazada	42.197896	46.390092	Avar		Daghestan	
Nachada	42.198508	46.448902	Avar		Daghestan	
Tinchuda	42.19861	46.45306	Avar		Daghestan	
Delichoban	42.19877	48.09467	North Azerbaijani		Daghestan	
Padar	42.19939	48.05179	North Azerbaijani		Daghestan	
Niklida	42.199941	46.406485	Avar		Daghestan	
Tatlyar	42.2003	48.0269	North Azerbaijani		Daghestan	
Bezhuda	42.200348	46.479175	Avar		Daghestan	
Rosta	42.20056	46.39667	Avar		Daghestan	
Khotlob	42.201243	46.432755	Avar		Daghestan	
Khupri	42.20145	45.84143	Tsez		Daghestan	
Chumli	42.20167	47.77306	Dargwa		Daghestan	
Meusisha	42.20199	47.59731	Dargwa		Daghestan	
Ulluchara	42.20267	47.27463	Lak		Daghestan	
Sinida	42.20341	46.39071	Avar		Daghestan	
Saraf	42.20373	46.31767	Avar		Daghestan	
Ginta	42.2042	47.4186	Dargwa		Daghestan	
Yangikent	42.2042	47.8292	Kumyk		Daghestan	
Khobokh	42.204624	46.379234	Avar		Daghestan	
Chunib	42.20496	46.82498	Avar		Daghestan	
Deybuk	42.20532	47.51996	Dargwa		Daghestan	
Vikry	42.20556	47.67889	Dargwa		Daghestan	
Uri	42.2056	47.0164	Lak		Daghestan	
Kabasida	42.205771	46.341334	Avar		Daghestan	
Vikri	42.20612	47.679702	Dargwa		Daghestan	
Machar	42.206556	46.335204	Avar		Daghestan	
Tseneb	42.206684	46.842652	Avar		Daghestan	
Mukar	42.20687	47.02212	Lak		Daghestan	
Gutatli	42.207019	45.936713	Tsez		Daghestan	
Kitlyarta	42.20849	45.84333	Tsez		Daghestan	
Tamuda	42.21001	46.382	Avar		Daghestan	
Gapshima	42.2122	47.3261	Dargwa		Daghestan	
Moschob	42.21389	46.79167	Avar		Daghestan	
Shidib	42.214353	46.300745	Avar		Daghestan	
Sodab	42.215081	46.81015	Avar		Daghestan	
Ulluterkeme	42.21511	48.00644	North Azerbaijani		Daghestan	
Geba	42.21527	47.39266	Dargwa		Daghestan	
Tsitsimakh	42.21621	45.82621	Tsez		Daghestan	
Landa	42.218	46.27432	Avar		Daghestan	
Khantakolob	42.21944	46.29083	Avar		Daghestan	
Tsizgari	42.21963	47.64768	Dargwa		Daghestan	
Bochokh	42.22	46.28472	Avar		Daghestan	
Khintida	42.220547	46.275395	Avar		Daghestan	
Unchukatl'	42.2208	47.1525	Lak		Daghestan	
Karasha	42.2221	47.1772	Lak		Daghestan	
Tokh	42.222292	46.291546	Avar		Daghestan	
Kharada	42.222648	46.258528	Avar		Daghestan	
Berikey	42.2228	48.0611	North Azerbaijani		Daghestan	
Shapikh	42.224044	45.858118	Tsez		Daghestan	
Shukty	42.22488	47.30349	Dargwa		Daghestan	
Khalakh	42.22547	45.850837	Tsez		Daghestan	
Kamakhal	42.227415	46.999859	Lak		Daghestan	
Palisma	42.22845	47.0162	Lak		Daghestan	
Kamasha	42.22886	47.14153	Lak		Daghestan	
Gidib	42.22942	46.80621	Avar		Daghestan	
Gulli	42.22977	47.76214	Dargwa		Daghestan	
Guymi	42.230357	47.19589	Lak		Daghestan	
Khadakolob	42.231683	46.261819	Avar		Daghestan	
Nukhotkolob	42.23195	46.265721	Avar		Daghestan	
Tsurib	42.235	46.8333	Avar		Daghestan	
Dzhemikent	42.23575	48.04114	North Azerbaijani		Daghestan	
Tsurai	42.23577	47.65819	Dargwa		Daghestan	
Gochob	42.2375	46.6642	Avar		Daghestan	
Berikh	42.23806	46.05306	Tsez		Daghestan	
Genazokh	42.23806	46.05306	Tsez		Daghestan	
Khuntli	42.23806	46.05306	Tsez		Daghestan	
Khutrakh	42.23806	46.05306	Tsez		Daghestan	
Geniyatl'	42.23828	46.035044	Tsez		Daghestan	
Shaitli	42.23835	46.05158	Tsez		Daghestan	
Morskoe	42.23978	48.1414	Dargwa		Daghestan	
Bukhty	42.240712	46.985633	Avar		Daghestan	
Chalyakh	42.24114	45.83754	Tsez		Daghestan	
Druzhba	42.2419	48.0042	Dargwa		Daghestan	
Urukh-Sota	42.24222	46.67694	Avar		Daghestan	
Kosob	42.242893	46.368239	Avar		Daghestan	
Retlob	42.24411	45.8289	Tsez		Daghestan	
Kituri	42.244627	46.019304	Tsez		Daghestan	
Itsirakh	42.244662	45.849585	Tsez		Daghestan	
Busutli	42.24512	46.363326	Avar		Daghestan	
Shitli	42.24574	47.01268	Avar		Daghestan	
Shangoda	42.246859	47.000153	Avar		Daghestan	
Tsekhok	42.24723	45.98528	Tsez		Daghestan	
Magitl'	42.248081	46.366738	Avar		Daghestan	
Kapkaykent	42.248157	47.798984	Kumyk		Daghestan	
Kimyatli	42.2488	45.82303	Tsez		Daghestan	
Shakhuva	42.25077	47.1617	Lak		Daghestan	
Gumramakhi	42.25101	47.35105	Dargwa		Daghestan	
Usisha	42.2511	47.3928	Dargwa		Daghestan	
Tsundimakhi	42.25164	47.31668	Dargwa		Daghestan	
Tsibari	42.25213	45.87861	Avar		Daghestan	
Kanasiragi	42.252582	47.649095	Dargwa		Daghestan	
Megeb	42.2528	47.0472	Dargwa		Daghestan	
Bagikla	42.25308	47.13393	Lak		Daghestan	
Khazhnimakhi	42.254562	47.315856	Dargwa		Daghestan	
Kamkadamakhi	42.255826	47.308527	Dargwa		Daghestan	
Khetokh	42.25611	45.97361	Tsez		Daghestan	
Talukh	42.25652	46.74433	Avar		Daghestan	
Ikha	42.256944	45.820075	Avar		Daghestan	
Khenklakar	42.257833	47.306649	Dargwa		Daghestan	
Akdy	42.25829	45.82798	Tsez		Daghestan	
Tsulikana	42.25834	47.25676	Lak		Daghestan	
Sachada	42.258411	46.699595	Avar		Daghestan	
Bashlykent	42.2597	47.8439	Kumyk		Daghestan	
Azilta	42.260166	45.938182	Tsez		Daghestan	
Khora	42.26028	45.81278	Tsez		Daghestan	
Bergeinzi	42.260462	47.352616	Dargwa		Daghestan	
Segeler	42.26056	48.11556	North Azerbaijani		Daghestan	
Mugurukh	42.26064	46.86533	Avar		Daghestan	
Ganderamakhi	42.261093	47.333465	Dargwa		Daghestan	
Shinkbalakada	42.261375	47.300242	Dargwa		Daghestan	
Chaatli	42.261724	45.818805	Tsez		Daghestan	
Khenokh	42.26183	45.96692	Tsez		Daghestan	
Mokok	42.2619	45.9008	Tsez		Daghestan	
Sumeta	42.262025	46.705541	Avar		Daghestan	
Dzhavankent	42.26265	47.80983	Kumyk		Daghestan	
Asakh	42.26311	45.81684	Tsez		Daghestan	
Gerkhmakhi	42.2634	47.52765	Dargwa		Daghestan	
Nakazukh	42.264594	46.914238	Avar		Daghestan	
Shiya	42.26556	45.8025	Tsez		Daghestan	
Karsha	42.26605	47.34372	Dargwa		Daghestan	
Gidatli	42.266327	46.374506	Avar		Daghestan	
Aynikabmakhi	42.26679	47.36264	Dargwa		Daghestan	
Murguk	42.2669	47.6947	Dargwa		Daghestan	
Utlukh	42.267533	46.730055	Avar		Daghestan	
Mugri	42.26767	47.62872	Dargwa		Daghestan	
Baykatmakhi	42.26871	47.29919	Dargwa		Daghestan	
Kundy	42.2689	47.1647	Lak		Daghestan	
Shauri	42.270484	45.941421	Tsez		Daghestan	
Udok	42.2714	45.79631	Tsez		Daghestan	
Inzimakhi	42.27238	47.35613	Dargwa		Daghestan	
Gochada	42.272626	46.765272	Avar		Daghestan	
Kuma	42.27304	47.13762	Lak		Daghestan	
Tsulda	42.27357	46.72095	Avar		Daghestan	
Dubrimakhi	42.274418	47.285133	Dargwa		Daghestan	
Burgimakhi	42.27489	47.28652	Dargwa		Daghestan	
Krasnopartizansk	42.27499	48.01592	Dargwa		Daghestan	
Tlyarosh	42.275317	46.751805	Avar		Daghestan	
Tsokhok	42.27548	45.79457	Tsez		Daghestan	
Chinimakhi	42.27565	47.37455	Dargwa		Daghestan	
Akusha	42.275664	47.340107	Dargwa		Daghestan	
Charoda	42.2764	46.8019	Avar		Daghestan	
Tserkhimakhi	42.276694	47.336755	Dargwa		Daghestan	
Murukh	42.27719	46.7715	Avar		Daghestan	
Chankalamakhi	42.27788	47.365804	Dargwa		Daghestan	
Balkhar	42.2797	47.2314	Lak		Daghestan	
Gunukh	42.28043	46.76307	Avar		Daghestan	
Gontlob	42.280673	46.726468	Avar		Daghestan	
Sogratl'	42.2808	46.9914	Avar		Daghestan	
Khebatli	42.2819	45.92585	Tsez		Daghestan	
Kurkli	42.2828	47.1283	Lak		Daghestan	
Obokh	42.28362	47.03734	Avar		Daghestan	
Semgamakhi	42.28438	47.35484	Dargwa		Daghestan	
Zil'mukmakhi	42.28483	47.3958	Dargwa		Daghestan	
Kara	42.28724	47.17093	Lak		Daghestan	
Kertukmakhi	42.28799	47.34305	Dargwa		Daghestan	
Galatli	42.288201	45.894106	Tsez		Daghestan	
Terutli	42.28853	45.79295	Tsez		Daghestan	
Urgubamakhi	42.28968	47.31783	Dargwa		Daghestan	
Burgimakmakhi	42.2897	47.3769	Dargwa		Daghestan	
Shumkhrimakhi	42.291042	47.268562	Dargwa		Daghestan	
Kakmakhi	42.29169	47.38541	Dargwa		Daghestan	
Yaraymakhi	42.295511	47.359585	Dargwa		Daghestan	
Aynurbimakhi	42.29623	47.58462	Dargwa		Daghestan	
Makhalotli	42.297776	45.796291	Tsez		Daghestan	
Tsunimakhi	42.29835	47.26194	Dargwa		Daghestan	
Baltamakhi	42.29843	47.72877	Dargwa		Daghestan	
Mugi	42.2989	47.4225	Dargwa		Daghestan	
Uznimakhi	42.30003	47.3858	Dargwa		Daghestan	
Novye Vikri	42.30054	47.99382	Dargwa		Daghestan	
Chukna	42.30111	47.12009	Lak		Daghestan	
Gamsutl'	42.301972	46.996315	Avar		Daghestan	
Kversatl'	42.302562	46.392793	Avar		Daghestan	
Somoda	42.30272	46.5368	Avar		Daghestan	
Akhsakadamakhi	42.303416	47.381576	Dargwa		Daghestan	
Batsada	42.3036	46.9092	Avar		Daghestan	
Kurimakhi	42.304306	47.304694	Dargwa		Daghestan	
Kishdatl'	42.304638	46.342239	Avar		Daghestan	
Burdeki	42.3047	47.6703	Dargwa		Daghestan	
Bakhmakhi	42.30638	47.59269	Dargwa		Daghestan	
Burkhimakhi	42.3065	47.58607	Dargwa		Daghestan	
Sshulani	42.3067	46.9294	Avar		Daghestan	
Izta	42.30889	46.35667	Avar		Daghestan	
Mikdatl'	42.309412	46.380732	Avar		Daghestan	
Urkhuchimakhi	42.310271	47.260222	Dargwa		Daghestan	
Verkhnie Mulebki	42.31043	47.51924	Dargwa		Daghestan	
Khamaitli	42.31091	45.96217	Tsez		Daghestan	
Tilanib	42.310964	46.366528	Avar		Daghestan	
Sabda	42.311355	46.371346	Avar		Daghestan	
Unty	42.311452	46.944631	Avar		Daghestan	
Kichi-Gamri	42.3125	47.7106	Dargwa		Daghestan	
Kulla	42.31346	46.91014	Avar		Daghestan	
Kulibukhna	42.315839	47.18495	Dargwa		Daghestan	
Mamaaul	42.31709	47.75237	Dargwa		Daghestan	
Rugel'da	42.3175	46.5244	Avar		Daghestan	
Tsurmakhi	42.31845	47.57516	Dargwa		Daghestan	
Arachanamakhi	42.31923	47.58202	Dargwa		Daghestan	
Chokh	42.3206	47.0336	Avar		Daghestan	
Kavkamakhi	42.322184	47.30588	Dargwa		Daghestan	
Verkhnie Kamkamakhi	42.32265	47.23945	Dargwa		Daghestan	
Kuba	42.3247	47.1181	Lak		Daghestan	
Urchukh	42.325548	46.495518	Avar		Daghestan	
Nizhnie Mulebki	42.3281	47.5689	Dargwa		Daghestan	
Unkida	42.328698	46.885731	Avar		Daghestan	
Musrukh	42.32897	46.51614	Avar		Daghestan	
Khantskarkamakhi	42.330333	47.550694	Dargwa		Daghestan	
Nizhnie Makhargimakhi	42.33047	47.63788	Dargwa		Daghestan	
Ameterkmakhi	42.33081	47.213539	Dargwa		Daghestan	
Alikhanmakhi	42.33194	47.26602	Dargwa		Daghestan	
Khadzhalte	42.33374	47.15589	Dargwa		Daghestan	
Urakhi	42.3347	47.5953	Dargwa		Daghestan	
Gasha	42.33592	47.83067	Kumyk		Daghestan	
Miglakasimakhi	42.33599	47.56121	Dargwa		Daghestan	
Sangimakhi	42.33788	47.43307	Dargwa		Daghestan	
Mekesh	42.337924	47.510751	Dargwa		Daghestan	
Kul'kibekmakhi	42.339694	47.56167	Dargwa		Daghestan	
Alkhadzhakent	42.340016	47.79177	Kumyk		Daghestan	
Verkhnie Kabkomakhi	42.34176	47.43688	Dargwa		Daghestan	
Kurkabi	42.34194	47.20056	Dargwa		Daghestan	
Tsudakhar	42.3425	47.1606	Dargwa		Daghestan	
Tebekmakhi	42.3431	47.2072	Dargwa		Daghestan	
Tsukhta	42.34352	47.32396	Dargwa		Daghestan	
Verkhnie Makhargimakhi	42.34665	47.62254	Dargwa		Daghestan	
Guladtymakhi	42.34823	47.23927	Dargwa		Daghestan	
Chuni	42.34832	47.30303	Avar		Daghestan	
Urtsamakhi	42.34854	47.276792	Dargwa		Daghestan	
Tlyatsuda	42.34923	45.92493	Tsez		Daghestan	
Gerga	42.3497	47.9628	Dargwa		Daghestan	
Inkuchimakhi	42.35029	47.17345	Dargwa		Daghestan	
Nizhnie Labkomakhi	42.35084	47.41873	Dargwa		Daghestan	
Khopor	42.352716	46.937396	Avar		Daghestan	
Dingo	42.35347	47.18138	Dargwa		Daghestan	
Khvarshi	42.353471	46.107859	Xvarshi		Daghestan	
Karlabko	42.3542	47.3967	Dargwa		Daghestan	
Tarlimakhi	42.35587	47.17157	Dargwa		Daghestan	
Karekadani	42.35747	47.13098	Dargwa		Daghestan	
Khabkaymakhi	42.35782	47.59091	Dargwa		Daghestan	
Suleybakent	42.35785	47.37355	Dargwa		Daghestan	
Kumamakhi	42.35849	47.19214	Dargwa		Daghestan	
Tazirkent	42.35863	47.3576	Dargwa		Daghestan	
Ratlub	42.359268	46.433433	Akhvakh		Daghestan	
Kuknamakhi	42.359775	47.286853	Dargwa		Daghestan	
Chabazimakhi	42.360297	47.570316	Dargwa		Daghestan	
Gurgumakhi	42.36056	47.19222	Dargwa		Daghestan	
Rugudzha	42.3606	46.9139	Avar		Daghestan	
Musul'temakhi	42.362154	47.188584	Dargwa		Daghestan	
Susakent	42.36361	47.35248	Dargwa		Daghestan	
Aymaumakhi	42.363756	47.575203	Dargwa		Daghestan	
Kusamakhi	42.36441	47.270869	Dargwa		Daghestan	
Shalasi	42.36514	47.91961	Dargwa		Daghestan	
Kommuna	42.3656	46.9686	Avar		Daghestan	
Mitluda	42.36693	45.94512	Tsez		Daghestan	
Kudali	42.3678	47.0789	Avar		Daghestan	
Verkhnie Ubekimakhi	42.36823	47.24298	Dargwa		Daghestan	
Ebdalaya	42.3683	47.3433	Dargwa		Daghestan	
Allate	42.369057	47.184036	Dargwa		Daghestan	
Aynikab	42.369307	47.216093	Dargwa		Daghestan	
Genta	42.37001	46.56099	Avar		Daghestan	
Burtanimakhi	42.37097	47.14988	Dargwa		Daghestan	
Ravkvatl'	42.372455	46.579617	Avar		Daghestan	
Chagni	42.37289	47.21879	Dargwa		Daghestan	
Ulluaya	42.3747	47.3756	Dargwa		Daghestan	
Aysalakak	42.374896	47.474825	Dargwa		Daghestan	
Keger	42.3767	47.0275	Avar		Daghestan	
Ayalizimakhi	42.37684	47.60746	Dargwa		Daghestan	
Khasakent	42.37754	47.34265	Dargwa		Daghestan	
Machada	42.37839	46.53725	Avar		Daghestan	
Kardmakhi	42.37842	47.46472	Dargwa		Daghestan	
Kardamakhi	42.37861	47.46639	Dargwa		Daghestan	
Dagbash	42.380347	46.351961	Avar		Daghestan	
Naskent	42.38093	47.33624	Dargwa		Daghestan	
Ditunshimakhi	42.381665	47.289692	Dargwa		Daghestan	
Zhamsory	42.382089	47.462508	Dargwa		Daghestan	
Urada	42.3822	46.5617	Avar		Daghestan	
Tagirkent	42.3827	47.33326	Dargwa		Daghestan	
Usemikent	42.3836	47.8681	Kumyk		Daghestan	
Santlada	42.38431	46.07505	Xvarshi	Inkhoqwari	Daghestan	
Kayakent	42.3847	47.9044	Kumyk		Daghestan	
Tarlankak	42.385886	47.475817	Dargwa		Daghestan	
Shinkalabukhna	42.386144	47.471707	Dargwa		Daghestan	
Silta	42.38728	47.07127	Avar		Daghestan	
Gunib	42.388232	46.962258	Avar		Daghestan	
Tidib	42.3889	46.5742	Avar		Daghestan	
Sagada	42.38941	45.91798	Tsez		Daghestan	
Nizhnie Arshi	42.389598	47.141386	Dargwa		Daghestan	
Tlyakh	42.389928	46.540021	Avar		Daghestan	
Kvantlada	42.39204	46.06382	Xvarshi	Inkhoqwari	Daghestan	
Novokayakent	42.3922	47.9878	Kumyk		Daghestan	
Nizhnie Ubekimakhi	42.392787	47.20548	Dargwa		Daghestan	
Metrada	42.393034	45.888954	Avar		Daghestan	
Khotoda	42.39393	46.559446	Avar		Daghestan	
Kakamakhi	42.39507	47.30644	Dargwa		Daghestan	
Salta	42.39589	47.07048	Avar		Daghestan	
Khushet	42.39721	45.77278	Tsez		Daghestan	
Mekegi	42.3978	47.4625	Dargwa		Daghestan	
Adukmakhi	42.39928	47.401891	Dargwa		Daghestan	
Verkhnie Arshi	42.40006	47.12529	Dargwa		Daghestan	
Khuchada	42.400235	46.469178	Avar		Daghestan	
Aymazimakhi	42.401788	47.525794	Dargwa		Daghestan	
Aknada	42.4024828	46.1693204	Tindi		Daghestan	
Khamagib	42.402538	46.850422	Avar		Daghestan	
Myurego	42.4042	47.6894	Dargwa		Daghestan	
Utamysh	42.4047	47.7492	Kumyk		Daghestan	
Ayamakhi	42.40528	47.5725	Dargwa		Daghestan	
Obonub	42.40556	46.83972	Avar		Daghestan	
Enseruda	42.40611	46.85278	Avar		Daghestan	
Chonob	42.407667	46.853808	Avar		Daghestan	
Tashkapur	42.40805	47.17095	Dargwa		Daghestan	
Khotoch	42.408408	46.954024	Avar		Daghestan	
Egeda	42.409124	46.844276	Avar		Daghestan	
Nizhnie Khvarshini	42.4108	45.8697	Avar		Daghestan	
Verkhnie Khvarshini	42.41088	45.84551	Avar		Daghestan	
Inkhokvari	42.410888	46.044877	Xvarshi	Inkhoqwari	Daghestan	
Agada	42.412001	46.841895	Avar		Daghestan	
Akhinets	42.412612	47.113872	Dargwa		Daghestan	
Irgali	42.41281	47.13538	Dargwa		Daghestan	
Lakhchayda	42.41345	46.8378	Avar		Daghestan	
Kundurkhe	42.41424	47.11507	Dargwa		Daghestan	
Khvayni	42.415087	45.968736	Xvarshi	Inkhoqwari	Daghestan	
Rosutl'	42.41533	46.8308	Avar		Daghestan	
Ala	42.415472	46.837085	Avar		Daghestan	
Verkhnee Inkhokvari	42.415524	46.065273	Xvarshi	Inkhoqwari	Daghestan	
Chakhimakhi	42.41564	47.56038	Dargwa		Daghestan	
Sekh	42.416094	46.826447	Avar		Daghestan	
Degva	42.4161	47.5372	Dargwa		Daghestan	
Ziurib	42.41789	46.705088	Avar		Daghestan	
Khadzhalmakhi	42.4186	47.1817	Dargwa		Daghestan	
Dadulazda	42.4189	46.80373	Avar		Daghestan	
Tlogob	42.4189	46.8153	Avar		Daghestan	
Ivaylazda	42.42	46.79917	Avar		Daghestan	
Tsamla	42.420013	46.841042	Avar		Daghestan	
Mugdab	42.420445	46.807523	Avar		Daghestan	
Buanzimakhi	42.42062	47.44966	Dargwa		Daghestan	
Tlezda	42.421358	46.721564	Avar		Daghestan	
Malyy Urala	42.42216	46.80506	Avar		Daghestan	
Tsekob	42.422785	46.450219	Akhvakh		Daghestan	
Ayalakab	42.4231	47.4625	Dargwa		Daghestan	
Kutisha	42.4236	47.2831	Avar		Daghestan	
Mokoda	42.42385	46.66963	Avar		Daghestan	
Kuppa	42.4239	47.1231	Dargwa		Daghestan	
Bol'shoy Urala	42.424277	46.805844	Avar		Daghestan	
Amalte	42.42457	47.11047	Dargwa		Daghestan	
Tsalada	42.42472	46.81472	Avar		Daghestan	
Gunduchi	42.424818	46.15836	Tindi		Daghestan	
Genitsurib	42.425104	46.705356	Avar		Daghestan	
Shikhshaka	42.42555	47.47243	Dargwa		Daghestan	
Khatsunob	42.425999	46.802058	Avar		Daghestan	
Verkhniy Kolob	42.42614	46.6579	Avar		Daghestan	
Purrimakhi	42.426446	47.465673	Dargwa		Daghestan	
Kakhib	42.4272	46.5969	Avar		Daghestan	
Kapulagumi	42.427995	47.476847	Dargwa		Daghestan	
Khamakal	42.428109	46.674497	Avar		Daghestan	
Balanub	42.4284	46.8251	Avar		Daghestan	
Teletl'	42.4289	46.7317	Avar		Daghestan	
Khebdib	42.43	46.86	Avar		Daghestan	
Nizhniy Kolob	42.430087	46.659303	Avar		Daghestan	
Zurilaudimakhi	42.4301	47.49276	Dargwa		Daghestan	
Verkhniy Togokh	42.430206	46.698316	Avar		Daghestan	
Damkulakada	42.430252	47.467675	Dargwa		Daghestan	
Kienikh	42.43056	46.66639	Avar		Daghestan	
Kuker	42.43106	46.80982	Avar		Daghestan	
Levashi	42.4325	47.3258	Dargwa		Daghestan	
Angida	42.43279	46.1924	Tindi		Daghestan	
Goor	42.43339	46.56927	Avar		Daghestan	
Nizhniy Togokh	42.43381	46.70246	Avar		Daghestan	
Echeda	42.43436	45.992398	Tindi		Daghestan	
Mitliurib	42.43537	46.68836	Avar		Daghestan	
Tlyanub	42.43568	46.45745	Akhvakh		Daghestan	
Dzhangamakhi	42.44335	47.38111	Dargwa		Daghestan	
Khebda	42.443976	46.549984	Avar		Daghestan	
Murada	42.445422	46.954469	Avar		Daghestan	
Goor-Khindakh	42.449273	46.575312	Avar		Daghestan	
Sergokala	42.4494	47.6633	Dargwa		Daghestan	
Koroda	42.44961	46.846988	Avar		Daghestan	
Asha	42.450373	46.3334458	Tindi		Daghestan	
Elakatmakhi	42.454026	47.398334	Dargwa		Daghestan	
Tindi	42.454716	46.13469	Tindi		Daghestan	
Gogotl'	42.45481	46.76547	Avar		Daghestan	
Sil'di	42.4552	45.92715	Avar		Daghestan	
Urib	42.4564	46.6736	Avar		Daghestan	
Khvartikuni	42.4569	47.0067	Avar		Daghestan	
Mukharkh	42.459302	46.15171	Tindi		Daghestan	
Gvanachi	42.4606005	46.1622609	Tindi		Daghestan	
Nizhnie Chugli	42.46318	47.29733	Avar		Daghestan	
Darada	42.465606	46.936573	Avar		Daghestan	
Tenla	42.465771	46.128629	Tindi		Daghestan	
Kurmi	42.46639	47.04222	Avar		Daghestan	
Khakhita	42.4667	47.2642	Avar		Daghestan	
Tunzi	42.46888	46.97573	Avar		Daghestan	
Khvarada	42.46889	46.99406	Avar		Daghestan	
Gonoda	42.4697	46.7892	Avar		Daghestan	
Gadaychi	42.470059	46.070951	Tindi		Daghestan	
Gakko	42.47024	45.882	Chamalal		Daghestan	
Sanukh	42.47054	46.13446	Tindi		Daghestan	
Karadakh	42.471023	46.863724	Avar		Daghestan	
Assab	42.471596	46.492475	Avar		Daghestan	
Datuna	42.47357	46.64364	Avar		Daghestan	
Novye Mugri	42.4741	47.75525	Dargwa		Daghestan	
Tsumada-Urukh	42.474208	46.063467	Chamalal		Daghestan	
Iputa	42.47852	46.96592	Avar		Daghestan	
Tsumada	42.48187	46.05247	Chamalal		Daghestan	
Khalikh	42.48467	46.09121	Tindi		Daghestan	
Zanata	42.485146	46.552771	Avar		Daghestan	
Nizhniy Batlukh	42.4853	46.5239	Avar		Daghestan	
Maali	42.4858	46.9197	Avar		Daghestan	
Golotl'	42.485962	46.735698	Avar		Daghestan	
Uzdalroso	42.48612	46.85577	Avar		Daghestan	
Tissi	42.48917	46.14395	Tindi		Daghestan	
Zaib	42.489364	46.707472	Avar		Daghestan	
Orada-Chugli	42.49384	47.22264	Avar		Daghestan	
Sasitli	42.496173	45.996762	Avar		Daghestan	
Verkhniy Batlukh	42.496276	46.502217	Avar		Daghestan	
Kadirkent	42.49661	47.60836	Dargwa		Daghestan	
Richaganikh	42.49724	46.05853	Chamalal		Daghestan	
Tagada	42.497573	46.868389	Avar		Daghestan	
Kakhikal	42.499065	46.874809	Avar		Daghestan	
Akushali	42.4992	46.9504	Avar		Daghestan	
Tissi-Akhitli	42.501506	46.103923	Tindi		Daghestan	
Gotsatl' Malyy	42.5041	46.88829	Avar		Daghestan	
Gergebil'	42.5047	47.0661	Avar		Daghestan	
Kuanib	42.509735	46.611385	Avar		Daghestan	
Sagasi-Deybuk	42.50982	47.84293	Dargwa		Daghestan	
Andykh	42.5119	46.5939	Avar		Daghestan	
Karanayaul	42.51266	47.85563	Kumyk		Daghestan	
Kikuni	42.513979	47.036122	Avar		Daghestan	
Lologonitl'	42.51398	46.33093	Akhvakh		Daghestan	
Dzhanga	42.517038	47.76486	Dargwa		Daghestan	
Khushtada	42.517389	46.166126	Bagvalal		Daghestan	
Tsidatl'	42.51855	46.05795	Chamalal		Daghestan	
Gotsatl' Bol'shoy	42.51862	46.88262	Avar		Daghestan	
Nitab	42.51925	46.63256	Avar		Daghestan	
Tsuydi	42.52334	46.07182	Chamalal		Daghestan	
Tlondoda	42.5247	46.1989	Bagvalal		Daghestan	
Kedi	42.52611	45.96639	Avar		Daghestan	
Izano	42.52735	46.40389	Akhvakh		Daghestan	
Khini	42.52767	46.70496	Avar		Daghestan	
Kochali	42.527888	46.116112	Chamalal		Daghestan	
Gigikh	42.532529	46.101767	Chamalal		Daghestan	
Aymaki	42.5342	47.1383	Avar		Daghestan	
Nizhnie Gakvari	42.53602	46.05171	Chamalal		Daghestan	
Chalda	42.538206	46.920351	Avar		Daghestan	
Urma	42.5383	47.2869	Avar		Daghestan	
Khunzakh	42.5394	46.705	Avar		Daghestan	
Kudiyabroso	42.541069	46.377932	Akhvakh		Daghestan	
Agvali	42.541192	46.121798	Chamalal		Daghestan	
Kharikolo	42.5451	46.80847	Avar		Daghestan	
Baitl'	42.546452	46.676472	Avar		Daghestan	
Chondotl'	42.547749	46.659112	Avar		Daghestan	
Verkhnie Gakvari	42.547874	46.032686	Chamalal		Daghestan	
Tad-Magitl'	42.550266	46.348953	Akhvakh		Daghestan	
Gachitli	42.551361	46.088803	Chamalal		Daghestan	
Tsvakilkolo	42.55213	46.35351	Akhvakh		Daghestan	
Kvankero	42.55244	46.3404	Akhvakh		Daghestan	
Khulandoy	42.553333	45.754167	Chechen		Chechnya	
Batlaich	42.554821	46.754217	Avar		Daghestan	
Arani	42.5556	46.7225	Avar		Daghestan	
Kuletsma	42.5556	47.2339	Avar		Daghestan	
Okhli	42.55565	47.209281	Avar		Daghestan	
Kakh	42.557664	46.790848	Avar		Daghestan	
Tlibisho	42.56054	46.30101	Bagvalal		Daghestan	
Kvanada	42.561478	46.17397	Bagvalal		Daghestan	
Gimerso	42.561489	46.227545	Bagvalal		Daghestan	
Gonokh	42.56163	46.6896	Avar		Daghestan	
Tlisi	42.56209	46.27428	Bagvalal		Daghestan	
Genichutl'	42.56455	46.73959	Avar		Daghestan	
Gubden	42.5658	47.5658	Dargwa		Daghestan	
Gadiri	42.566265	46.065746	Chamalal		Daghestan	
Tsada	42.56694	46.7125	Avar		Daghestan	
Gozolokolo	42.569651	46.61206	Avar		Daghestan	
Tukita	42.57056	46.37278	Karata		Daghestan	
Akhkent	42.57353	47.18488	Avar		Daghestan	
Mesterukh	42.5747	46.3964	Avar		Daghestan	
Gortkolo	42.576655	46.63945	Avar		Daghestan	
Kudutl'	42.5783	47.0194	Avar		Daghestan	
Oboda	42.578542	46.668203	Avar		Daghestan	
Batlakhatli	42.580364	46.058877	Chamalal		Daghestan	
Gigatl'	42.58136	46.0964	Chamalal		Daghestan	
Shotota	42.58165	46.57729	Avar		Daghestan	
Tumagari	42.58165	46.60662	Avar		Daghestan	
Tanusi	42.58233	46.69233	Avar		Daghestan	
Butsra	42.58902	46.7677	Avar		Daghestan	
Ingerdakh	42.58926	46.398373	Avar		Daghestan	
Gotsob	42.58963	46.86901	Avar		Daghestan	
Khimakoro	42.590092	46.617523	Avar		Daghestan	
Gigatli-Urukh	42.590934	46.142589	Chamalal		Daghestan	
Ebuta	42.59275	46.66626	Avar		Daghestan	
Gatsalukh	42.59298	46.64949	Avar		Daghestan	
Karata	42.5942	46.3419	Karata		Daghestan	
Akhalchi	42.594957	46.631744	Avar		Daghestan	
Matlas	42.595249	46.605532	Avar		Daghestan	
Ullubiyaul	42.59689	47.71825	Kumyk		Daghestan	
Archo	42.597691	46.305756	Karata		Daghestan	
Verkhnie Akhalchi	42.59911	46.63581	Avar		Daghestan	
Siukh	42.5999	46.54462	Karata		Daghestan	
Maydanskoe	42.601674	46.958927	Avar		Daghestan	
Kesaloy	42.602778	45.74	Chechen		Chechnya	
Orkachi	42.6058	46.81797	Avar		Daghestan	
Tsumali	42.607619	46.260923	Avar		Daghestan	
Anchik (Anchikh)	42.608098	46.271717	Karata		Daghestan	
Alak	42.6092	46.1972	Avar		Daghestan	
Apshi	42.6094	47.1742	Avar		Daghestan	
Arakani	42.610078	46.991711	Avar		Daghestan	
Gurbuki	42.611506	47.591942	Dargwa		Daghestan	
Kheleturi	42.612495	46.225441	Avar		Daghestan	
Mashtada	42.61362	46.314659	Karata		Daghestan	
Rachabulda	42.617256	46.300014	Karata		Daghestan	
Zirani	42.61797	46.94436	Avar		Daghestan	
Tsalkita	42.61798	46.57339	Avar		Daghestan	
Kachkalyk	42.61852	47.33391	Dargwa		Daghestan	
Karamakhi	42.618786	47.256653	Dargwa		Daghestan	
Taratul-Meer	42.619281	47.112087	Avar		Daghestan	
Verkhnee Inkhelo	42.62035	46.329732	Karata		Daghestan	
Khakmadoy	42.620556	45.83	Chechen		Chechnya	
Chayry	42.620556	45.909722	Chechen		Chechnya	
Tlaylukh	42.6208	46.52428	Avar		Daghestan	
Tsel'mes	42.623464	46.538549	Avar		Daghestan	
Kadar	42.6242	47.2903	Dargwa		Daghestan	
Godoberi	42.6258	46.1189	Godoberi		Daghestan	
Amishta	42.62967	46.552971	Avar		Daghestan	
Sharoy	42.629722	45.81	Chechen		Chechnya	
Shikaroy	42.630278	45.760556	Chechen		Chechnya	
Chankurbe	42.630465	47.300216	Dargwa		Daghestan	
Tekita	42.630886	46.521832	Avar		Daghestan	
Balakhani	42.63128	46.89514	Avar		Daghestan	
Mochokh	42.63159	46.61242	Avar		Daghestan	
Shulatuta	42.63167	46.85806	Avar		Daghestan	
Dzhalaturi	42.631847	46.567028	Avar		Daghestan	
Muschuli	42.633706	46.498593	Avar		Daghestan	
Durangi	42.63571	47.22366	Avar		Daghestan	
Amushi Bol'shoe	42.63752	46.4864	Avar		Daghestan	
Chabanmakhi	42.63784	47.25923	Dargwa		Daghestan	
Ratsitl'	42.63788	46.33455	Karata		Daghestan	
Tsoloda	42.63827	46.36626	Avar		Daghestan	
Shkolkhe	42.63929	45.935388	Chechen		Chechnya	
Kenkhi	42.641667	45.945556	Chamalal		Chechnya	
Ochlo	42.642518	46.64532	Avar		Daghestan	
Kharakhi	42.6433	46.5211	Avar		Daghestan	
Arykhkent	42.64472	47.19165	Avar		Daghestan	
Nizhnee Inkhelo	42.645134	46.259367	Karata		Daghestan	
Tlokh	42.6492	46.4578	Avar		Daghestan	
Irganay	42.649543	46.912048	Avar		Daghestan	
Amushi Maloe	42.650445	46.487815	Avar		Daghestan	
Arkas	42.65194	47.13833	Avar		Daghestan	
Kaka-Shura	42.65194	47.38278	Kumyk		Daghestan	
Moksokh	42.6538	46.80572	Avar		Daghestan	
Miarso	42.654059	46.175643	Botlikh		Daghestan	
Khimoy	42.654444	45.852222	Chechen		Chechnya	
Kolo	42.65769	46.56607	Avar		Daghestan	
Urchiab	42.657739	47.016338	Avar		Daghestan	
Kvankhidatli	42.65789	46.271742	Andi		Daghestan	
Orota	42.65915	46.53772	Avar		Daghestan	
Buti	42.661389	45.97	Chechen		Chechnya	
Dorgeli	42.66556	47.29667	Kumyk		Daghestan	
Beledi	42.66722	46.05361	Godoberi		Daghestan	
Tsatanikh	42.667793	46.723937	Avar		Daghestan	
Botlikh	42.667813	46.221451	Botlikh		Daghestan	
Zibirkhali	42.66833	46.07194	Godoberi		Daghestan	
Ortakolo	42.67057	46.38882	Avar		Daghestan	
Verkhniy Aradirikh	42.67099	46.60372	Avar		Daghestan	
Kiri	42.674722	45.914167	Chechen		Chechnya	
Verkhniy Dzhengutay	42.67476	47.23415	Avar		Daghestan	
Verkhniy camadoy	42.675278	45.644722	Chechen		Chechnya	
Kheldi	42.675278	45.644722	Chechen		Chechnya	
Kharachi	42.67744	46.82263	Avar		Daghestan	
Shodroda (Shadroda)	42.678426	46.12155	Avar		Daghestan	
Ishtiburi	42.679149	46.702701	Avar		Daghestan	
Muni	42.680242	46.308874	Andi		Daghestan	
Cesi	42.680278	45.790833	Chechen		Chechnya	
Sredniy Aradirikh	42.68121	46.58022	Avar		Daghestan	
Ashino	42.683462	46.156727	Botlikh		Daghestan	
Veduchi	42.684722	45.568611	Chechen		Chechnya	
Sakan-iiste	42.689444	45.476389	Chechen		Chechnya	
Nizhniy Aradirikh	42.68979	46.568219	Avar		Daghestan	
Shamil'kala	42.690407	46.874769	Avar		Daghestan	
Rakhata	42.6911	46.1414	Avar		Daghestan	
Ansalta	42.6939	46.1147	Avar		Daghestan	
Shundili	42.698533	45.417414	Chechen		Chechnya	
Inkvalita	42.69936	46.68833	Avar		Daghestan	
Nizhniy Dzhengutay	42.7014	47.2417	Kumyk		Daghestan	
Lyunki	42.70167	45.47944	Chechen		Chechnya	
Sadoy	42.701835	46.063155	Chechen		Chechnya	
Doza	42.70201	45.28279	Chechen		Chechnya	
Khindoy	42.703677	46.006265	Chechen		Chechnya	
Nizhnee Inkho	42.704518	46.507752	Avar		Daghestan	
Kilyatl'	42.704637	46.466046	Avar		Daghestan	
Mekheturi	42.70556	46.2375	Andi		Daghestan	
Kamalkhi	42.706181	45.280203	Chechen		Chechnya	
Verkhnee Inkho	42.70659	46.50415	Avar		Daghestan	
Karabudakhkent	42.7067	47.5603	Kumyk		Daghestan	
Tando	42.707696	46.175693	Avar		Daghestan	
Tazbichi	42.707778	45.597222	Chechen		Chechnya	
Untsukul'	42.7131	46.7875	Avar		Daghestan	
Pezhey	42.713149	45.427287	Chechen		Chechnya	
Malilaul	42.714121	46.046985	Chechen		Chechnya	
Shivor	42.714662	46.256637	Andi		Daghestan	
Cacakh	42.714722	45.504167	Chechen		Chechnya	
Rushukha	42.71509	46.28112	Andi		Daghestan	
Tasuta	42.71731	46.22568	Avar		Daghestan	
Korotakh	42.7175	45.263333	Chechen		Chechnya	
Chanko	42.717936	46.246417	Andi		Daghestan	
Khorci-pada	42.718039	45.410685	Chechen		Chechnya	
Igali	42.7181	46.5811	Avar		Daghestan	
Bechigi	42.72	45.49	Chechen		Chechnya	
Tsanatl'	42.72244	46.62252	Avar		Daghestan	
Chitl'	42.722594	46.504009	Avar		Daghestan	
Basty	42.72353	45.28124	Chechen		Chechnya	
Betli	42.72372	46.73388	Avar		Daghestan	
Tuskharoy	42.724444	45.530278	Chechen		Chechnya	
Kharkaroy	42.72463	46.068851	Chechen		Chechnya	
Arsoy	42.725755	46.034167	Chechen		Chechnya	
Buni	42.725755	46.034167	Chechen		Chechnya	
Kulinkhoy	42.725755	46.034167	Chechen		Chechnya	
Rigakhoy	42.725755	46.034167	Chechen		Chechnya	
Sakhani	42.725931	45.22735	Chechen		Chechnya	
Baskhoy	42.726667	45.4225	Chechen		Chechnya	
Gelli	42.7267	47.4014	Kumyk		Daghestan	
Pezh-baskhoy	42.726787	45.423122	Chechen		Chechnya	
Khando	42.72694	46.23361	Andi		Daghestan	
Boturchu	42.72694	45.54556	Chechen		Chechnya	
Tunzhi-aul	42.727656	46.048118	Chechen		Chechnya	
Beki	42.7291	45.368891	Chechen		Chechnya	
Tongakhoy	42.729134	45.465145	Chechen		Chechnya	
Verkhnee Kazanische	42.7306	47.1381	Kumyk		Daghestan	
Itum-kali	42.730833	45.571944	Chechen		Chechnya	
Zilo	42.731394	46.319223	Andi		Daghestan	
Korichu	42.73195	45.4	Chechen		Chechnya	
Gergentala	42.73225	47.05913	Avar		Daghestan	
Ichichali	42.732617	46.405263	Avar		Daghestan	
Shundi	42.732778	45.358611	Chechen		Chechnya	
Shyunda	42.732778	45.358611	Chechen		Chechnya	
Kay	42.7332	45.25552	Chechen		Chechnya	
Gezakh	42.733611	45.441667	Chechen		Chechnya	
Gezekhoy	42.733611	45.441667	Chechen		Chechnya	
Tundukh	42.734574	46.04	Chechen		Chechnya	
Ikil'chi	42.735345	45.212748	Chechen		Chechnya	
Ikharoy	42.735663	46.083421	Chechen		Chechnya	
Erstakho	42.736111	45.396389	Chechen		Chechnya	
Erstakhoy	42.736111	45.396389	Chechen		Chechnya	
Manaskent	42.7367	47.6958	Kumyk		Daghestan	
Obuzalaul	42.736781	46.064346	Chechen		Chechnya	
Nakhorusty	42.736884	45.242665	Chechen		Chechnya	
Cinchemekhi	42.737644	45.227823	Chechen		Chechnya	
Charydy	42.738027	45.904195	Chechen		Chechnya	
Kakhabroso	42.73896	46.704697	Avar		Daghestan	
Paraul	42.7394	47.3592	Kumyk		Daghestan	
Kizhani	42.74031	46.364775	Avar		Daghestan	
Tsundi	42.740996	46.436577	Avar		Daghestan	
Baskho	42.741171	45.547363	Chechen		Chechnya	
Benesty	42.741458	45.221111	Chechen		Chechnya	
Tsibilta	42.74322	46.24311	Andi		Daghestan	
Khildekharoy	42.748333	45.667778	Chechen		Chechnya	
Terta	42.74854	45.19644	Chechen		Chechnya	
Kunzakh	42.74884	46.66488	Avar		Daghestan	
Makazhoy	42.749168	46.064999	Chechen		Chechnya	
Kokadoy	42.749722	45.583889	Chechen		Chechnya	
El'deporoy	42.75036	45.3921	Chechen		Chechnya	
Khoy	42.750984	46.127223	Chechen		Chechnya	
Alikhanaul	42.751391	46.050726	Chechen		Chechnya	
Charakhaul	42.751768	46.05799	Chechen		Chechnya	
Adanak	42.7522	47.4586	Kumyk		Daghestan	
Meshi	42.752222	45.178611	Chechen		Chechnya	
Bugaroy	42.754722	45.616667	Chechen		Chechnya	
Buglen	42.7553	47.1989	Kumyk		Daghestan	
Ari-aul	42.755433	46.027349	Chechen		Chechnya	
Shabdukh	42.75612	46.42139	Avar		Daghestan	
Senakhoy	42.757193	45.410183	Chechen		Chechnya	
Gimry	42.757219	46.838739	Avar		Daghestan	
Nokhchi-keloy	42.757485	45.93201	Chechen		Chechnya	
Manasaul	42.7575	47.0397	Avar		Daghestan	
Bavloy	42.7575	45.450833	Chechen		Chechnya	
Bauloy	42.7575	45.450833	Chechen		Chechnya	
Kezenoy	42.758113	46.120906	Chechen		Chechnya	
Zumsoy	42.758333	45.640278	Chechen		Chechnya	
Tukhoy	42.759357	45.436405	Chechen		Chechnya	
Konzhukhoy	42.76104	45.591216	Chechen		Chechnya	
Dzhelashkhoy	42.762717	45.401728	Chechen		Chechnya	
Kenakho	42.763056	45.357778	Chechen		Chechnya	
Tantari	42.76371	46.64888	Avar		Daghestan	
Dzheloshka	42.764119	46.062327	Chechen		Chechnya	
Nizhnee Kazanische	42.7644	47.1611	Kumyk		Daghestan	
Ezikho	42.766389	45.503611	Chechen		Chechnya	
Agachkala	42.76698	47.07599	Kumyk		Daghestan	
Kuloy	42.767584	45.956857	Chechen		Chechnya	
Ashali	42.76963	46.30878	Andi		Daghestan	
Zelenomorskoe	42.77004	47.68884	Dargwa		Daghestan	
Oshni	42.770556	45.378333	Chechen		Chechnya	
Idakh	42.771111	45.448333	Chechen		Chechnya	
Day	42.771944	45.854722	Chechen		Chechnya	
Ashil'ta	42.772446	46.728853	Avar		Daghestan	
Ingishi	42.77477	46.54264	Avar		Daghestan	
Bosoy	42.776391	45.902043	Chechen		Chechnya	
Ushkaloy	42.777778	45.611389	Chechen		Chechnya	
Celtakumoy	42.780514	45.459004	Chechen		Chechnya	
Chubakh-keneroy	42.781034	45.915814	Chechen		Chechnya	
Novo-Argvani	42.78174	46.60445	Avar		Daghestan	
Rikvani	42.782304	46.319372	Andi		Daghestan	
Geshi	42.783688	45.317959	Chechen		Chechnya	
Chirkata	42.783992	46.716609	Avar		Daghestan	
Mockaroy	42.78464	45.38695	Chechen		Chechnya	
Achaloy	42.784786	45.971356	Chechen		Chechnya	
Andi	42.7856	46.2639	Andi		Daghestan	
Pyetyeaul	42.7862	46.006488	Chechen		Chechnya	
Tushikaul	42.789305	46.018159	Chechen		Chechnya	
Gunkha	42.78968	46.28275	Andi		Daghestan	
Shoani	42.791174	44.779613	Ingush		Ingushetia	
Gemoroy	42.791802	45.30704	Chechen		Chechnya	
Meshteroy	42.791802	45.30704	Chechen		Chechnya	
Gukhoy	42.791944	45.55	Chechen		Chechnya	
Chokhoy	42.79528	45.47041	Chechen		Chechnya	
Mamonaul	42.795508	46.018485	Chechen		Chechnya	
Sanoy	42.796389	45.791111	Chechen		Chechnya	
Guchum-kali	42.796944	45.63	Chechen		Chechnya	
Mekhel'ta	42.798277	46.497361	Avar		Daghestan	
Bekeyaul	42.798395	45.975564	Chechen		Chechnya	
Ol'geti	42.799632	44.756996	Ingush		Ingushetia	
Nizhniy kiy	42.8	45.266667	Chechen		Chechnya	
Gagatli	42.800361	46.292645	Andi		Daghestan	
Old Siukh	42.80278	46.43694	Karata		Daghestan	
Staryy Sivukh	42.80278	46.43694	Avar		Daghestan	
Otta	42.80278	45.38437	Chechen		Chechnya	
Chureymokhk	42.805749	45.950235	Chechen		Chechnya	
Bashin-kali	42.805843	45.619154	Chechen		Chechnya	
Erpeli	42.806119	46.973557	Kumyk		Daghestan	
Gadari	42.807303	46.621237	Avar		Daghestan	
Arapoaul	42.807979	45.971635	Chechen		Chechnya	
Verkhniy kiy	42.808056	45.2475	Chechen		Chechnya	
Lyazhgi	42.808416	44.732786	Ingush		Ingushetia	
Verkhniy-bara	42.809444	45.42	Chechen		Chechnya	
Tarsenaul	42.810232	46.031935	Chechen		Chechnya	
Guli	42.810771	44.798552	Ingush		Ingushetia	
Targim	42.810924	44.938931	Ingush		Ingushetia	
Kurakhi	42.811878	45.300976	Chechen		Chechnya	
Armkhi	42.81195	44.7075	Ingush		Ingushetia	
Sharo-argun	42.812222	45.818056	Chechen		Chechnya	
Tsilitl'	42.8125	46.4156	Avar		Daghestan	
Argvani	42.8128	46.5792	Avar		Daghestan	
Nezheloy	42.813029	45.905298	Chechen		Chechnya	
Bushni	42.81474	45.3854	Chechen		Chechnya	
Mulkoy	42.815278	45.534167	Chechen		Chechnya	
Baginaul	42.816586	45.926653	Chechen		Chechnya	
Bakinaul	42.818714	45.930168	Chechen		Chechnya	
Pariaul	42.821457	46.024116	Chechen		Chechnya	
Dzheyrakh	42.821997	44.679701	Ingush		Ingushetia	
Nikaroy	42.822218	45.366323	Chechen		Chechnya	
Keymekhki	42.8225	45.224167	Chechen		Chechnya	
Pyaling	42.822778	44.986389	Ingush		Ingushetia	
Bogacheroy	42.824533	45.86431	Chechen		Chechnya	
Verkhniy Karanay	42.8281	46.9072	Avar		Daghestan	
Erdychi	42.830556	45.190278	Chechen		Chechnya	
Tumsoy	42.833333	45.63	Chechen		Chechnya	
Gaziaul	42.833774	45.936593	Chechen		Chechnya	
Musolt-aul	42.833849	45.772461	Chechen		Chechnya	
Dzhubikaul	42.834107	45.924044	Chechen		Chechnya	
Beyni	42.834193	44.717048	Ingush		Ingushetia	
Egikkhal	42.835294	44.923332	Ingush		Ingushetia	
Dekh-yiste	42.835555	45.731973	Chechen		Chechnya	
Kafyr-Kumukh	42.83754	47.15412	Kumyk		Daghestan	
Ochaki	42.838889	45.322222	Chechen		Chechnya	
Khal-kiloy	42.838889	45.818056	Chechen		Chechnya	
Kozhvinchu	42.840278	45.223611	Chechen		Chechnya	
Nikhaloy	42.840278	45.662778	Chechen		Chechnya	
Satti	42.840278	45.706111	Chechen		Chechnya	
Khakhalgi	42.840278	45.155556	Chechen		Chechnya	
Aslanbek-sheripovo	42.841637	45.754997	Chechen		Chechnya	
Muskali	42.841914	45.736043	Chechen		Chechnya	
Urdyukhoy	42.842357	45.702284	Chechen		Chechnya	
Borzoy	42.8425	45.628056	Chechen		Chechnya	
Danukh	42.84282	46.6275	Chechen		Daghestan	
Khalimbekaul	42.8447	47.1406	Kumyk		Daghestan	
Vyardy	42.845041	45.690766	Chechen		Chechnya	
Zengali	42.845833	45.272222	Chechen		Chechnya	
Nizhnie Ishkarty	42.84698	46.97147	Kumyk		Daghestan	
Khay-khecaguni	42.847034	45.900792	Chechen		Chechnya	
Nizhniy Karanay	42.84729	46.940488	Avar		Daghestan	
Bicy	42.847648	45.277371	Chechen		Chechnya	
Kerety	42.84784	45.28642	Chechen		Chechnya	
Verkhnie Ishkarty	42.84907	46.95309	Kumyk		Daghestan	
Ryadukhoy	42.850278	45.649444	Chechen		Chechnya	
Yukerch-keloy	42.851387	45.734965	Chechen		Chechnya	
Leshkoroy	42.8525	45.876389	Chechen		Chechnya	
Peshkhoy	42.853158	45.480087	Chechen		Chechnya	
Gorgachi	42.855068	45.666837	Chechen		Chechnya	
Gush-kert	42.85526	45.685567	Chechen		Chechnya	
Pamyatoy	42.856111	45.693889	Chechen		Chechnya	
Akka	42.856944	45.240278	Chechen		Chechnya	
Chuush	42.85702	45.3187	Chechen		Chechnya	
Vovga	42.857222	45.238333	Chechen		Chechnya	
Bekum-kale	42.857429	45.714459	Chechen		Chechnya	
Machi	42.86143	45.30445	Chechen		Chechnya	
Chikondi-pade	42.86193	45.26158	Chechen		Chechnya	
Khiloy	42.862804	45.41693	Chechen		Chechnya	
Artlukh	42.8631	46.6683	Avar		Daghestan	
Ami	42.869444	45.305556	Chechen		Chechnya	
Vysokogornoe	42.871377	45.617187	Chechen		Chechnya	
Shatoy	42.871667	45.699167	Chechen		Chechnya	
Kirbit	42.87523	45.31163	Chechen		Chechnya	
Irzitkale	42.8764	45.25482	Chechen		Chechnya	
Khaybakh	42.877222	45.357778	Chechen		Chechnya	
Khakkoy	42.881667	45.674722	Chechen		Chechnya	
Ityrkale	42.88168	45.25964	Chechen		Chechnya	
Kirbichu	42.88328	45.32175	Chechen		Chechnya	
Galanchozh	42.883333	45.3	Chechen		Chechnya	
Mocaroy	42.889705	45.370211	Chechen		Chechnya	
Syuzhi	42.890278	45.639722	Chechen		Chechnya	
Charmakhoy	42.891111	45.390833	Chechen		Chechnya	
Takalay	42.89677	47.1644	Kumyk		Daghestan	
Keychu	42.898333	45.443333	Chechen		Chechnya	
Amki	42.898611	45.2875	Chechen		Chechnya	
Novyy Khushet	42.900261	47.561244	Avar		Daghestan	
Bol'shie varandy	42.901111	45.684167	Chechen		Chechnya	
Kharachoy	42.904167	46.138611	Chechen		Chechnya	
Tol'	42.911111	45.284722	Chechen		Chechnya	
Kharsenoy	42.914167	45.549722	Chechen		Chechnya	
Imanaliroso	42.91429	46.76761	Avar		Daghestan	
Mushechu	42.914444	45.408889	Chechen		Chechnya	
Basary yalkhora	42.915278	45.277778	Chechen		Chechnya	
Yalkhoroy	42.916667	45.283333	Chechen		Chechnya	
Kel-baza	42.922338	45.455311	Chechen		Chechnya	
Agachaul	42.92306	47.46064	Kumyk		Daghestan	
Akhsu	42.92342	46.694116	Avar		Daghestan	
Duc-khutor	42.928047	45.850196	Chechen		Chechnya	
Khoch-koch	42.92909	45.42358	Chechen		Chechnya	
Dzhenchu	42.929167	45.305556	Chechen		Chechnya	
Kel'-aul	42.936872	45.871524	Chechen		Chechnya	
Malyy kharsenoy	42.939051	45.5161	Chechen		Chechnya	
Yakhkachara	42.939444	45.430556	Chechen		Chechnya	
Sakilinzhili	42.94052	45.39714	Chechen		Chechnya	
Zarkha	42.940751	45.42166	Chechen		Chechnya	
Sel'mentauzen	42.940833	45.863056	Chechen		Chechnya	
Tarki	42.94423	47.49527	Kumyk		Daghestan	
Lem-korc	42.946425	46.313219	Chechen		Chechnya	
Benoy-vedeno	42.9475	46.280833	Chechen		Chechnya	
Zony	42.948333	45.722222	Chechen		Chechnya	
Dyshne-vedeno	42.951389	46.134722	Chechen		Chechnya	
Nizhniy azhgechu	42.952566	45.402498	Chechen		Chechnya	
Gurchu	42.955419	45.313221	Chechen		Chechnya	
Neftyanka	42.956646	46.085505	Chechen		Chechnya	
Vedeno	42.956944	46.110278	Chechen		Chechnya	
yokka-yerbala	42.96084	45.26747	Chechen		Chechnya	
Verkhniy azhgechu	42.9625	45.385776	Chechen		Chechnya	
Chirkey	42.9633	46.9767	Avar		Daghestan	
Eshilkhatoy	42.963561	46.053813	Chechen		Chechnya	
Makhkety	42.963611	45.906389	Chechen		Chechnya	
Magusty	42.964722	45.380556	Chechen		Chechnya	
Bonchu-diga	42.96511	45.33223	Chechen		Chechnya	
Alkun	42.967123	45.022044	Ingush		Ingushetia	
Kyakhulay	42.96839	47.48301	Avar		Daghestan	
Alkhan-khutor	42.969722	46.351667	Chechen		Chechnya	
Zhima-yerbala	42.97189	45.25772	Chechen		Chechnya	
Elistanzhi	42.9725	46.017222	Chechen		Chechnya	
Al'burikent	42.97389	47.47111	Avar		Daghestan	
Tevzana	42.975278	45.911111	Chechen		Chechnya	
Oktyabr'skoe	42.980278	46.080833	Chechen		Chechnya	
Khattuni	42.980278	45.936944	Chechen		Chechnya	
Belgatoy	42.980833	46.213056	Chechen		Chechnya	
Tazen-kala	42.980989	46.182928	Chechen		Chechnya	
Bulgat-irzu	42.981873	46.372068	Chechen		Chechnya	
Pachu	42.983333	46.316667	Chechen		Chechnya	
Almak	42.985693	46.580315	Avar		Daghestan	
Kechnyukhi	42.986147	45.273358	Chechen		Chechnya	
Osi-yurt	42.986703	46.299984	Chechen		Chechnya	
Ulus-kert	42.988056	45.76	Chechen		Chechnya	
Semender	42.98833	47.40361	Avar		Daghestan	
Burtunay	42.992004	46.630332	Avar		Daghestan	
Sterch-kerch	42.992102	46.344103	Chechen		Chechnya	
Gertma	42.996711	46.74415	Avar		Daghestan	
Yaryshmardy	42.996944	45.711667	Chechen		Chechnya	
Dengi-yurt	42.997483	46.296816	Chechen		Chechnya	
Ersenoy	42.9975	46.146389	Chechen		Chechnya	
Gurzhi-mokhk	43.00056	46.33806	Chechen		Chechnya	
Ozhi-yurt	43.001515	46.316986	Chechen		Chechnya	
Dachu-borzoy	43.009167	45.726389	Chechen		Chechnya	
Simsir	43.009444	46.465833	Chechen		Chechnya	
Chishki	43.010278	45.705833	Chechen		Chechnya	
Verkhnee ca-vedeno	43.010956	46.061483	Chechen		Chechnya	
Verkhnie kurchali	43.011249	46.194426	Chechen		Chechnya	
Datta	43.011389	46.398333	Chechen		Chechnya	
Agishbatoy	43.012222	46.108056	Chechen		Chechnya	
Srednie kurchali	43.014986	46.186189	Chechen		Chechnya	
Mesedoy	43.01556	46.127196	Chechen		Chechnya	
Ca-vedeno	43.018333	46.052778	Chechen		Chechnya	
Dts «chishki»	43.019082	45.71085	Chechen		Chechnya	
Baytarki	43.02	46.475556	Chechen		Chechnya	
Dubki	43.02116	46.83746	Avar		Daghestan	
Agishty	43.021667	45.891389	Chechen		Chechnya	
Gendergen	43.021944	46.334722	Chechen		Chechnya	
Korkmaskala	43.0225	47.2883	Kumyk		Daghestan	
Chechel'-khi	43.027549	46.429399	Chechen		Chechnya	
Nizhnie kurchali	43.02774	46.16736	Chechen		Chechnya	
Muzhichi	43.02805	44.995741	Ingush		Ingushetia	
Zandak-ara	43.028604	46.352359	Chechen		Chechnya	
Dattykh	43.030344	45.09973	Ingush		Ingushetia	
Verkhatoy	43.030871	46.02981	Chechen		Chechnya	
Guni	43.0311	46.6992	Avar		Daghestan	
Akaytala	43.03176	46.92583	Avar		Daghestan	
Shamkhal-Termen	43.03389	47.31053	Avar		Daghestan	
Engenoy	43.0375	46.284444	Chechen		Chechnya	
Tatay-khutor	43.038611	46.485556	Chechen		Chechnya	
Sherdy-mokhk	43.03978	46.156553	Chechen		Chechnya	
Duba-yurt	43.040278	45.730278	Chechen		Chechnya	
Ekibulak	43.04196	47.07152	Kumyk		Daghestan	
Gordali	43.042119	46.226801	Chechen		Chechnya	
Pionerskoe	43.042469	45.708575	Chechen		Chechnya	
Bas-gordali	43.044439	46.213426	Chechen		Chechnya	
Lakha-varandy	43.044444	45.708889	Chechen		Chechnya	
Khubar	43.0514	46.7547	Avar		Daghestan	
Tyube	43.051429	47.286806	Avar		Daghestan	
Khochi-ara	43.051831	46.320541	Chechen		Chechnya	
Gezinchu	43.052957	46.171268	Chechen		Chechnya	
Mekhkeshty	43.055158	46.394023	Chechen		Chechnya	
Bil'ty	43.056106	46.347876	Chechen		Chechnya	
Goy-chu	43.056111	45.608611	Chechen		Chechnya	
Shamkhal	43.056632	47.344526	Avar		Daghestan	
Guni	43.056667	46.106111	Chechen		Chechnya	
Zandak	43.058333	46.455833	Chechen		Chechnya	
Dzhankhoy-khutor	43.061111	46.136389	Chechen		Chechnya	
Sayasan	43.061111	46.290833	Chechen		Chechnya	
Alkhazurovo	43.062222	45.654722	Chechen		Chechnya	
Benoy	43.063611	46.014167	Chechen		Chechnya	
Khashki-mokhk	43.064966	46.19528	Chechen		Chechnya	
Martan-chu	43.068056	45.555278	Chechen		Chechnya	
Dylym	43.0703	46.6386	Avar		Daghestan	
Tangi-chu	43.071667	45.511667	Chechen		Chechnya	
Gostala	43.07334	46.6925	Avar		Daghestan	
Rogun-kazha	43.074444	46.348611	Chechen		Chechnya	
Enikali	43.074444	46.1525	Chechen		Chechnya	
Isay-yurt	43.07445	46.275598	Chechen		Chechnya	
Ishkhoy-khutor	43.077261	46.358045	Chechen		Chechnya	
Gilyany	43.078889	46.48	Chechen		Chechnya	
Achereshki	43.080475	46.136395	Chechen		Chechnya	
Malye shuani	43.080556	46.222778	Chechen		Chechnya	
Church-irzu	43.081259	46.396071	Chechen		Chechnya	
Miatli	43.08173	46.8286	Avar		Daghestan	
Sovragi	43.085328	46.334168	Chechen		Chechnya	
Marzoy-mokhk	43.086401	46.101729	Chechen		Chechnya	
Goyskoe	43.086667	45.600278	Chechen		Chechnya	
Roshni-chu	43.088889	45.4575	Chechen		Chechnya	
Koren-benoy	43.089976	46.146151	Chechen		Chechnya	
Ayti-mokhk	43.090278	46.346944	Chechen		Chechnya	
Shalazhi	43.092778	45.359722	Chechen		Chechnya	
Turty-khutor	43.093333	46.27	Chechen		Chechnya	
Gekhi-chu	43.094444	45.412222	Chechen		Chechnya	
Regita	43.095556	46.124722	Chechen		Chechnya	
Galashki	43.095888	44.98533	Ingush		Ingushetia	
Inchkha	43.0964	46.7675	Avar		Daghestan	
Almalo	43.0967	47.2253	Avar		Daghestan	
Nozhay-yurt	43.097222	46.379167	Chechen		Chechnya	
Starye atagi	43.1	45.738583	Chechen		Chechnya	
Bel'ty	43.10407	46.168959	Chechen		Chechnya	
Dakhadaevka	43.1069	47.44029	Kumyk		Daghestan	
Yalkhoy-mokhk	43.107778	46.189722	Chechen		Chechnya	
Serzhen'-yurt	43.109722	45.974167	Chechen		Chechnya	
Khidi-khutor	43.11	46.146944	Chechen		Chechnya	
Chapaevo	43.11009	46.4862	Lak		Daghestan	
Devlatbi-hutor	43.110833	46.3	Chechen		Chechnya	
Dzhaglargi	43.111389	46.109167	Chechen		Chechnya	
Shovkhal-berdy	43.1125	46.319444	Chechen		Chechnya	
Uchkent	43.1136	47.0794	Avar		Daghestan	
Betti-mokhk	43.11527	46.33604	Chechen		Chechnya	
Niki-khita	43.115634	46.069614	Chechen		Chechnya	
Novolakskoe	43.1169	46.4839	Chechen		Daghestan	
Usum-khutor	43.117337	46.16837	Chechen		Chechnya	
Bogatyrevka	43.118523	47.368198	Avar		Daghestan	
Dilchu (kutan)	43.118718	47.464063	Lak		Daghestan	
Balansu	43.120833	46.387778	Chechen		Chechnya	
Gansolchu	43.124492	46.2406	Chechen		Chechnya	
Beshil-irzu	43.124972	46.304227	Chechen		Chechnya	
Temirgoe	43.127436	47.136434	Avar		Daghestan	
Novye atagi	43.127778	45.791111	Chechen		Chechnya	
Yandi	43.128056	45.328889	Chechen		Chechnya	
Urus-martan	43.129167	45.541667	Chechen		Chechnya	
Duchi	43.129826	47.460438	Chechen		Daghestan	
Akhkinchu-borzoy	43.13	46.195833	Chechen		Chechnya	
Staryy achkhoy	43.130556	45.2975	Chechen		Chechnya	
Novyy zamay-yurt	43.134106	46.358098	Chechen		Chechnya	
Yamansu (Shushiya)	43.13546	46.425114	Chechen		Daghestan	
Banayyurt (Akhar)	43.1375	46.4225	Chechen		Daghestan	
Arshty	43.139052	45.129402	Ingush		Ingushetia	
Shali	43.14	45.903889	Chechen		Chechnya	
Sogunty	43.141111	46.343889	Chechen		Chechnya	
Ali-yurt	43.141775	44.85396	Ingush		Ingushetia	
Zamay-yurt	43.150833	46.378889	Chechen		Chechnya	
Gel'bakh (V. Chiryurt)	43.15101	46.85751	Avar		Daghestan	
Bamut	43.1575	45.199722	Chechen		Chechnya	
Dzhigurty	43.16	46.176667	Chechen		Chechnya	
Avtury	43.160556	46.013889	Chechen		Chechnya	
Gekhi	43.161389	45.471111	Chechen		Chechnya	
Meskety	43.161389	46.357778	Chechen		Chechnya	
Novyy Chirkey	43.1617	47.0567	Avar		Daghestan	
Charavali	43.16188	46.50747	Chechen		Daghestan	
Goyty	43.164167	45.622222	Chechen		Chechnya	
Novokuli	43.1656	46.5211	Lak		Daghestan	
Magas	43.166667	44.816667	Ingush		Ingushetia	
Bavtugay	43.16808	46.83415	Avar		Daghestan	
Kul'zeb	43.1686	47.0108	Avar		Daghestan	
Katyr-yurt	43.168611	45.368056	Chechen		Chechnya	
Nizhniy Chiryurt	43.17299	46.86328	Avar		Daghestan	
Galayty	43.174167	46.388056	Chechen		Chechnya	
Staryy Bavtugay	43.17479	46.83946	Avar		Daghestan	
Valerik	43.176389	45.404167	Chechen		Chechnya	
Chemul'ga	43.178142	45.124479	Ingush		Ingushetia	
Alkhasty	43.181337	44.993549	Ingush		Ingushetia	
Endirey	43.182964	46.662014	Kumyk		Daghestan	
Surkhakhi	43.183333	44.9	Ingush		Ingushetia	
Khachta	43.18498	47.07371	Avar		Daghestan	
Stal'skoe	43.1878	46.9731	Avar		Daghestan	
Germenchuk	43.188889	45.924444	Chechen		Chechnya	
Achkhoy-martan	43.189167	45.284722	Chechen		Chechnya	
Novye Gadari	43.19425	46.76904	Avar		Daghestan	
Komsomol'skoe	43.1956	46.8964	Avar		Daghestan	
Zubutli-Miatli (TsIobok'-Miyak'o)	43.1978	46.8122	Avar		Daghestan	
Ekazhevo	43.2	44.816667	Ingush		Ingushetia	
Shushanovka	43.20156	46.98195	Avar		Daghestan	
Kizilyurt	43.20182	46.87756	Avar		Daghestan	
Chechen-aul	43.203333	45.783333	Chechen		Chechnya	
Mayrtup	43.204167	46.131944	Chechen		Chechnya	
Kurchaloy	43.204444	46.087778	Chechen		Chechnya	
Albaniya (Tonokh-Kuli)	43.2056	46.6933	Avar		Daghestan	
Toturbiykala	43.2056	46.6933	Kumyk		Daghestan	
Arkida	43.20583	47.0625	Avar		Daghestan	
Gamiyakh	43.2075	46.4886	Avar		Daghestan	
Novyy Sulak	43.21068	46.81809	Avar		Daghestan	
Novochurtakh	43.2131	46.5436	Avar		Daghestan	
Alleroy	43.213889	46.289722	Chechen		Chechnya	
Geldagana	43.215278	46.040278	Chechen		Chechnya	
Ishkhoy-yurt	43.215833	46.391111	Chechen		Chechnya	
Bachi-yurt	43.216389	46.193889	Chechen		Chechnya	
Nazran'	43.216667	44.766667	Ingush		Ingushetia	
Berd-yurt	43.219063	45.110379	Ingush		Ingushetia	
Tukhchar	43.2192	46.4139	Avar		Daghestan	
Sultan-Yangiyurt	43.21961	46.86187	Avar		Daghestan	
Shaami-yurt	43.22	45.386389	Chechen		Chechnya	
Centaroy	43.221944	46.245833	Chechen		Chechnya	
Goksuv	43.2222	46.82137	Avar		Daghestan	
Kantyshevo	43.226647	44.637807	Ingush		Ingushetia	
Gikalo	43.229167	45.733611	Chechen		Chechnya	
Dolakovo	43.23	44.591667	Ingush		Ingushetia	
Karlanyurt	43.2303	46.6447	Avar		Daghestan	
Alkhan-yurt	43.230833	45.565556	Chechen		Chechnya	
Khambi-irzi	43.234167	45.451667	Chechen		Chechnya	
Nesterovskaya	43.235556	45.049167	Ingush		Ingushetia	
Kirovaul	43.2361	46.8469	Avar		Daghestan	
Kokrek	43.23639	46.72665	Avar		Daghestan	
Kulary	43.238333	45.500278	Chechen		Chechnya	
Coci-yurt	43.238333	46.000556	Chechen		Chechnya	
Krasnopartizanskiy	43.243264	45.546768	Chechen		Chechnya	
Khasavyurt	43.246769	46.58939	Chechen		Daghestan	
Gerzel'-aul	43.249167	46.3975	Chechen		Chechnya	
Novomekhel'ta	43.249918	46.54397	Avar		Daghestan	
Mesker-yurt	43.251389	45.909444	Chechen		Chechnya	
Tsiyab-Tsoloda (Gerzel'-Kutan)	43.251968	46.413657	Avar		Daghestan	
Koshkel'dy	43.253056	46.349167	Chechen		Chechnya	
Petrakovskoe	43.25332	46.6321	Avar		Daghestan	
Temiraul	43.2539	46.8272	Kumyk		Daghestan	
Novyy sharoy	43.254444	45.277778	Chechen		Chechnya	
Prigorodnoe	43.254444	45.756944	Chechen		Chechnya	
Verkhniy noyber	43.255556	46.283056	Chechen		Chechnya	
Bayram	43.25691	46.6513	Avar		Daghestan	
Gazi-yurt	43.260278	44.841389	Ingush		Ingushetia	
Alkhan-kala	43.260556	45.535278	Chechen		Chechnya	
Mogilyovskoe	43.26106	46.62714	Avar		Daghestan	
Barsuki	43.261289	44.810823	Ingush		Ingushetia	
Zakan-yurt	43.263611	45.419167	Chechen		Chechnya	
Nizhniy noybera	43.266667	46.278889	Chechen		Chechnya	
Yandare	43.269167	44.908611	Ingush		Ingushetia	
Nechaevka	43.2703	46.9131	Chamalal		Daghestan	
Davydenko	43.271389	45.26	Chechen		Chechnya	
Komsomol'skoe	43.271389	45.825556	Chechen		Chechnya	
Matseevka	43.27151	46.98244	Chamalal		Daghestan	
Bammatbekyurt	43.27167	46.61972	Chechen		Daghestan	
Mutsalaul	43.2719	46.7311	Avar		Daghestan	
Khamavyurt	43.2722	46.4286	Chechen		Daghestan	
Solnechnoe	43.2761	46.5069	Chechen		Daghestan	
Ilaskhan-yurt	43.278889	46.098333	Chechen		Chechnya	
Plievo	43.28043	44.838204	Ingush		Ingushetia	
Bil'toy-yurt	43.2825	46.295278	Chechen		Chechnya	
Akhtini	43.28282	47.02641	Avar		Daghestan	
Nuradilovo	43.284357	46.4645	Chechen		Daghestan	
Gordali-yurt	43.285278	46.315833	Chechen		Chechnya	
Adzhidada	43.2861	47.0731	Avar		Daghestan	
Pokrovskoe	43.2886	46.6658	Chechen		Daghestan	
Samashki	43.292222	45.303889	Chechen		Chechnya	
Genzheaul	43.2934	46.75729	Chechen		Daghestan	
Argun	43.294444	45.883889	Chechen		Chechnya	
Bayramaul	43.296175	46.730134	Chechen		Daghestan	
Shamkhal-Yangi-Yurt	43.29968	47.23072	Kumyk		Daghestan	
Karabulak	43.3	44.9	Ingush		Ingushetia	
Primykanie	43.302662	45.823233	Chechen		Chechnya	
Centora-yurt	43.302778	45.828056	Chechen		Chechnya	
Chontaul	43.30481	46.85967	Avar		Daghestan	
Laklakyurt	43.30534	46.80168	Kumyk		Daghestan	
Osmanyurt	43.3056	46.5308	Chechen		Daghestan	
Troickaya	43.305922	44.987378	Ingush		Ingushetia	
Batashyurt	43.3069	46.5108	Kumyk		Daghestan	
Novyy yengenoy	43.308333	46.026111	Chechen		Chechnya	
Boragangechuv	43.30852	46.43596	Chechen		Daghestan	
Arada	43.30962	47.15059	Avar		Daghestan	
Melchkhi	43.310035	46.18759	Chechen		Chechnya	
Simsir	43.31315	46.54329	Chechen		Daghestan	
Kadi-yurt	43.313889	46.311944	Chechen		Chechnya	
Batayurt	43.315233	46.680623	Kumyk		Daghestan	
Groznyy	43.316667	45.7	Chechen		Chechnya	
Samilakh	43.31816	47.06008	Avar		Daghestan	
Dzhalka	43.318889	45.993611	Chechen		Chechnya	
Berkat-yurt	43.323611	45.829722	Chechen		Chechnya	
Umashaul	43.32606	46.69719	Avar		Daghestan	
Engel'-yurt	43.326944	46.353889	Chechen		Chechnya	
Shuani	43.335556	46.193889	Chechen		Chechnya	
Novyy Kostek	43.3356	46.8281	Dargwa		Daghestan	
Kostek	43.3411	46.8536	Kumyk		Daghestan	
Sadovoe	43.34119	46.77181	Avar		Daghestan	
Kandauraul	43.3414	46.5664	Chechen		Daghestan	
Bammatyurt	43.3442	46.6075	Chechen		Daghestan	
Verkhnie achaluki	43.345475	44.70157	Ingush		Ingushetia	
Adzhimazhagatyurt	43.35055	46.50783	Kumyk		Daghestan	
Akaro (Yazykovka)	43.352007	46.977198	Avar		Daghestan	
Krasnostepnovskoe	43.352778	45.446678	Chechen		Chechnya	
Gudermes	43.355278	46.099167	Chechen		Chechnya	
Il'inovskaya	43.364167	45.95	Chechen		Chechnya	
Aksay	43.3686	46.4461	Avar		Daghestan	
Srednie achaluki	43.369898	44.733855	Ingush		Ingushetia	
Pyatiletka	43.37262	46.96553	Avar		Daghestan	
Artsalu	43.375	47.20861	Lak		Daghestan	
Novosasitli	43.38468	46.58564	Avar		Daghestan	
Petropavlovskaya	43.386389	45.828889	Chechen		Chechnya	
Abdurashid	43.38644	46.67183	Avar		Daghestan	
Tsiab-Ichichali	43.38712	46.61917	Avar		Daghestan	
Proletarskoe	43.3875	45.597222	Chechen		Chechnya	
Kaziyurt	43.38808	47.03489	Karata		Daghestan	
Gunyushki	43.393951	45.38172	Chechen		Chechnya	
Darbankhi	43.3975	46.031944	Chechen		Chechnya	
Kerla-yurt	43.399879	45.307771	Chechen		Chechnya	
Geyrbek-yurt	43.400246	44.595955	Ingush		Ingushetia	
Pobedinskoe	43.400833	45.433056	Chechen		Chechnya	
Nizhnie achaluki	43.400979	44.760661	Ingush		Ingushetia	
Chalo	43.40184	46.97071	Bagvalal		Daghestan	
Pervomayskaya	43.401944	45.522778	Chechen		Chechnya	
Druzhba	43.403333	45.6575	Chechen		Chechnya	
Raduzhnoe	43.404981	45.397468	Chechen		Chechnya	
Dolinskiy	43.405892	45.383715	Chechen		Chechnya	
Sadovoe	43.408459	45.595744	Chechen		Chechnya	
Khangish-yurt	43.413056	46.236111	Chechen		Chechnya	
Nagornoe	43.417064	45.1803	Chechen		Chechnya	
Azamat-yurt	43.418889	46.286111	Chechen		Chechnya	
Umarotar	43.42388	46.69025	Chechen		Daghestan	
Novosel'skoe	43.4275	46.4667	Chechen		Daghestan	
Goryacheistochnenskaya	43.428611	45.774167	Chechen		Chechnya	
Arkhida (Asel'der-otar)	43.429	46.78533	Avar		Daghestan	
Kazmaaul	43.4306	46.7644	Kumyk		Daghestan	
Moksob	43.434004	46.48603	Avar		Daghestan	
Kemsiyurt	43.43439	46.43548	Chechen		Daghestan	
Terechnoe	43.4358	46.4008	Avar		Daghestan	
Sentukh	43.43724	46.89029	Avar		Daghestan	
Braguny	43.44	46.096944	Chechen		Chechnya	
Kadyrotar	43.44099	46.65515	Chechen		Daghestan	
Tolstoy-yurt	43.444444	45.778889	Chechen		Chechnya	
Chervlyonnaya-uzlovaya	43.446667	45.976944	Chechen		Chechnya	
Khamzayurt	43.4509	46.98475	Avar		Daghestan	
Bartkhoy	43.453913	45.230875	Chechen		Chechnya	
Nusi	43.45602	46.9706	Avar		Daghestan	
Novogagatli	43.4561	46.4819	Andi		Daghestan	
Akbulatyurt	43.45934	46.38598	Chechen		Daghestan	
Adil'otar	43.4603	46.6761	Chechen		Daghestan	
Kirpichkutan	43.46198	46.61053	Karata		Daghestan	
Vinogradnoe	43.463333	45.861111	Chechen		Chechnya	
Tutlar	43.46703	46.68876	Chechen		Daghestan	
Inkhelo (Novoe Inkhelo)	43.46797	46.61451	Karata		Daghestan	
Psedakh	43.469167	44.568889	Ingush		Ingushetia	
Chagarotar	43.4692	46.5403	Kumyk		Daghestan	
Staro-shhedrinskaya	43.469722	46.106667	Chechen		Chechnya	
Sulevkent	43.470028	46.754764	Dargwa		Daghestan	
Inarki	43.470756	44.541697	Ingush		Ingushetia	
Novyy redant	43.470833	44.801389	Ingush		Ingushetia	
Paraboch	43.47266	46.294588	Chechen		Chechnya	
Mayskiy	43.473425	45.12623	Chechen		Chechnya	
Khar'kovskoe	43.476667	46.333889	Chechen		Chechnya	
Shagada	43.479	46.72585	Avar		Daghestan	
Novoe Kheleturi	43.47958	46.784633	Avar		Daghestan	
Sagopshi	43.480556	44.589722	Ingush		Ingushetia	
Novo-shhedrinskaya	43.485833	46.101389	Chechen		Chechnya	
Tsiyab-Tsilitli (Novo-Tsilitli)	43.48694	46.67833	Avar		Daghestan	
Novyy Borch	43.48722	47.04556	Rutul		Daghestan	
Glavnyy-Kut	43.488244	47.443771	Lak		Daghestan	
Shelkozavodskaya	43.491389	46.308056	Chechen		Chechnya	
Indira	43.495013	46.80715	Karata		Daghestan	
Akhtachikan	43.49528	47.11944	Avar		Daghestan	
Zyazikov-yurt	43.495711	44.767656	Ingush		Ingushetia	
Kamyshkutan	43.500222	46.621832	Akhvakh		Daghestan	
Chervlyonnaya	43.501389	45.883333	Chechen		Chechnya	
Naberezhnyy	43.506683	45.787822	Chechen		Chechnya	
Zebir-yurt	43.508333	45.357778	Chechen		Chechnya	
Shelkovskaya	43.509167	46.327778	Chechen		Chechnya	
Kobi	43.513056	46.244722	Chechen		Chechnya	
Orlinoe	43.514868	45.109405	Chechen		Chechnya	
Malgobek	43.516667	44.583333	Ingush		Ingushetia	
Yuzhnoe	43.51706	44.747915	Ingush		Ingushetia	
Dzerzhinskoe	43.5192	46.4731	Avar		Daghestan	
Aki-yurt	43.519639	44.865097	Ingush		Ingushetia	
Kharib	43.520028	46.5541444	Avar		Daghestan	
Komarovo	43.521389	45.0425	Chechen		Chechnya	
Kazankulak	43.52334	47.13435	Rutul		Daghestan	
Anduz	43.52361	46.87639	Karata		Daghestan	
Pravoberezhnoe	43.524444	45.699722	Chechen		Chechnya	
Grebenskaya	43.526667	46.369167	Chechen		Chechnya	
Narysh	43.52692	46.69469	Avar		Daghestan	
Gazgorodok	43.529071	45.69083	Chechen		Chechnya	
Nikolaevskaya	43.531389	45.772222	Chechen		Chechnya	
Utsmiyurt	43.5342	46.4703	Avar		Daghestan	
Arussi (kutan)	43.53997	47.23676	Lak		Daghestan	
Germenchik	43.5403	46.7256	Chechen		Daghestan	
Voznesenskaya	43.542673	44.75334	Ingush		Ingushetia	
Kharazma (kutan)	43.5442	47.14727	Lak		Daghestan	
Ken'-yurt	43.544444	45.512222	Chechen		Chechnya	
Usad'ba goskhoza «mineral'nyy»	43.545966	45.326088	Chechen		Chechnya	
Terskoe	43.551944	45.563611	Chechen		Chechnya	
Gondokori	43.55252	46.89127	Avar		Daghestan	
Novaya Kosa	43.553007	47.367407	Nogai		Daghestan	
Voskresenovskoe	43.554722	46.385278	Chechen		Chechnya	
Oraz-aul	43.556944	45.960278	Chechen		Chechnya	
Kalaus	43.561111	45.098611	Chechen		Chechnya	
Tatayurt	43.5619	46.9961	Chechen		Daghestan	
Adil'-Yangiyurt	43.5633	46.5853	Kumyk		Daghestan	
Orazgulaul	43.564682	47.344642	Nogai		Daghestan	
Ibragimotar	43.56491	46.46879	Avar		Daghestan	
Chankayurt	43.56935	46.56515	Chechen		Daghestan	
Levoberezhnoe	43.570556	45.630556	Chechen		Chechnya	
Shakhbulatotar	43.57167	46.70056	Nogai		Daghestan	
Karshyga-aul	43.572778	46.17	Chechen		Chechnya	
Gemetyube	43.5747	46.9014	Nogai		Daghestan	
Luguvalu (kutan)	43.576019	47.285419	Lak		Daghestan	
Kalinovskaya	43.576944	45.522222	Chechen		Chechnya	
Tamazatyube	43.578224	47.159585	Nogai		Daghestan	
Obil'nyy	43.578322	45.746836	Chechen		Chechnya	
Podgornoe	43.583611	45.4425	Chechen		Chechnya	
Novoe solkushino	43.587222	45.681944	Chechen		Chechnya	
Sangar (kutan)	43.59215	47.1715	Lak		Daghestan	
Yubileynoe	43.596298	45.641154	Chechen		Chechnya	
Balasma (kutan)	43.59744	47.15083	Lak		Daghestan	
Vezhariy	43.597558	44.57435	Ingush		Ingushetia	
Turshunay	43.6003	46.6642	Avar		Daghestan	
Novokare	43.6011	46.9675	Avar		Daghestan	
Babayurt	43.601403	46.783386	Avar		Daghestan	
Novoterskoe	43.602222	45.589444	Chechen		Chechnya	
Khamamatyurt	43.60809	46.5006	Kumyk		Daghestan	
Meken-yurt	43.608611	45.405833	Chechen		Chechnya	
Verkhniy naur	43.613611	45.2475	Chechen		Chechnya	
Nadterechnoe	43.618611	45.338889	Chechen		Chechnya	
Muzhukay	43.6283	46.9013	Kumyk		Daghestan	
Savel'evskaya	43.630278	45.459722	Chechen		Chechnya	
Ul'yanovskoe	43.630556	45.601389	Chechen		Chechnya	
Yangylbay	43.63059	46.93654	Nogai		Daghestan	
Khasanay	43.63109	46.70978	Kumyk		Daghestan	
Starogladovskaya	43.635833	46.416389	Chechen		Chechnya	
Frunzenskoe	43.6375	45.663611	Chechen		Chechnya	
Naurskaya	43.648611	45.314722	Chechen		Chechnya	
Bratskoe	43.649167	44.883611	Chechen		Chechnya	
Bezhanov	43.650834	45.674939	Chechen		Chechnya	
Ankhvala	43.65583	46.90389	Avar		Daghestan	
Lyuksemburg	43.6617	46.7442	Kumyk		Daghestan	
Tamazatyube (staroe)	43.66258	47.171012	Nogai		Daghestan	
Semikolodcev	43.662959	45.773835	Chechen		Chechnya	
Karatyube	43.66738	46.82335	Tsez		Daghestan	
Mekenskaya	43.668889	45.384444	Chechen		Chechnya	
Gvardeyskoe	43.673333	45.051944	Chechen		Chechnya	
Chernokozovo	43.673611	45.361111	Chechen		Chechnya	
Znamenskoe	43.677778	45.128056	Chechen		Chechnya	
Shuguri	43.67833	47.05861	Tindi		Daghestan	
Karaozek (Karauzek)	43.68663	46.66615	Bezhta		Daghestan	
Beno-yurt	43.689722	45.051944	Chechen		Chechnya	
Kurdyukovskaya	43.691111	46.45	Chechen		Chechnya	
Mirnyy	43.694859	45.476983	Chechen		Chechnya	
Kotlankin	43.695278	45.767778	Chechen		Chechnya	
Aytkhan	43.69773	46.82498	Andi		Daghestan	
Kachalay	43.70198	46.70946	Bezhta		Daghestan	
Alpatovo	43.704722	45.240833	Chechen		Chechnya	
Dzhugut	43.70835	46.86498	Andi		Daghestan	
Ishhyorskaya	43.715278	45.133333	Chechen		Chechnya	
Postnyy	43.72376	45.632907	Chechen		Chechnya	
Kozlov	43.72561	45.555419	Chechen		Chechnya	
Rubezhnoe	43.728611	45.172222	Chechen		Chechnya	
Sitnikov	43.732241	45.514123	Chechen		Chechnya	
Kargalinskaya	43.743056	46.476389	Chechen		Chechnya	
Klinkov	43.753473	45.445968	Chechen		Chechnya	
Svobodnoe	43.75891	45.25946	Chechen		Chechnya	
Zarechnoe	43.76292	46.58238	Avar		Daghestan	
Batyrkin	43.770778	45.675793	Chechen		Chechnya	
Novyy Biryuzyak	43.77431	47.294614	Avar		Daghestan	
Kapustino	43.776929	45.334864	Chechen		Chechnya	
Rybalko	43.78321	46.65519	Avar		Daghestan	
Nyrkov	43.785403	45.386589	Chechen		Chechnya	
Dal'nee	43.789633	45.092068	Chechen		Chechnya	
Dubovskaya	43.793333	46.5525	Chechen		Chechnya	
Borozdinovskaya	43.81	46.590833	Chechen		Chechnya	
Kardonovka	43.8158	46.8478	Avar		Daghestan	
Yuzhnoe	43.8169	46.7242	Avar		Daghestan	
Zelyonoe	43.818442	45.983529	Chechen		Chechnya	
Mayorskiy	43.835318	45.489437	Chechen		Chechnya	
Novonadezhdovka	43.83556	46.93295	Avar		Daghestan	
Sary-su	43.839722	46.4325	Chechen		Chechnya	
Yefimovka	43.84302	46.79782	Avar		Daghestan	
Kizlyar	43.84465	46.718689	Avar		Daghestan	
Krasnooktyabr'skoe	43.84705	46.65553	Avar		Daghestan	
Novogladovka	43.84923	46.89421	Avar		Daghestan	
Voskhod	43.852125	46.40915	Chechen		Chechnya	
Staroterechnoe	43.85585	47.46163	Avar		Daghestan	
Imeni Zhdanova	43.85694	46.69528	Avar		Daghestan	
Burunskoe	43.860278	45.777778	Chechen		Chechnya	
Krasnyy Voskhod	43.86232	46.67508	Avar		Daghestan	
Imeni Kirova	43.86396	46.70564	Avar		Daghestan	
Novomonastyrskoe	43.865916	46.607527	Avar		Daghestan	
Bol'shezadoevskoe	43.8661	46.8289	Avar		Daghestan	
Novokokhanovskoe	43.8672	46.6508	Avar		Daghestan	
Malaya Zadoevka	43.86766	46.85721	Avar		Daghestan	
Mulla-Ali	43.86792	46.88344	Avar		Daghestan	
Selivankin	43.877187	45.6737	Chechen		Chechnya	
Imeni Shaumyana	43.87796	46.68821	Avar		Daghestan	
Persidskoe	43.884078	46.894044	North Azerbaijani		Daghestan	
Novokrest'yanovskoe	43.88459	46.57013	Nogai		Daghestan	
Pervokizlyarskoe	43.88591	46.67872	Avar		Daghestan	
Burumbay	43.888168	46.968787	Nogai		Daghestan	
Stepnoe	43.89479	46.49285	Nogai		Daghestan	
Bol'shebredikhinskiy	43.8967	46.8539	North Azerbaijani		Daghestan	
Imeni Karla Marksa	43.897	46.78746	Avar		Daghestan	
Zarya Kommuny	43.89784	46.73016	Avar		Daghestan	
Sangishi	43.89977	47.03304	Nogai		Daghestan	
Maloe Kozyrevskoe	43.90025	46.81582	Avar		Daghestan	
Kuznetsovskoe	43.90277	46.63276	Avar		Daghestan	
Aleksandriyskaya	43.9047	47.1297	Avar		Daghestan	
Krechetovo	43.906622	45.0916	Chechen		Chechnya	
Peschanoe	43.908765	45.805986	Chechen		Chechnya	
Novovladimirskoe	43.9128	46.95124	Nogai		Daghestan	
Ukrainskoe	43.91396	47.00889	Chechen		Daghestan	
Vinogradnoe	43.9167	46.81963	Avar		Daghestan	
Korneev	43.918603	45.602841	Chechen		Chechnya	
Runnoe	43.919694	46.044794	Chechen		Chechnya	
Aleksandro-Nevskoe	43.92181	46.55817	Lezgian		Daghestan	
Mangulaul	43.92672	47.31052	Nogai		Daghestan	
Khutseevka	43.92938	46.78123	Avar		Daghestan	
Novogeorgievka	43.9314	46.6339	Avar		Daghestan	
Lopukhovka	43.93463	47.4079	Chechen		Daghestan	
Tsvetkovka	43.93939	46.83366	Avar		Daghestan	
Chernyaevka	43.9458	47.0342	Lezgian		Daghestan	
Novoromanovka	43.9567	46.6444	Avar		Daghestan	
Kollektivizator	43.95942	47.39102	Avar		Daghestan	
Sar-Sar	43.96993	47.0777	Lezgian		Daghestan	
Kraynovka	43.9772	47.3719	Avar		Daghestan	
Komsomol'skiy	43.97833	46.69852	Avar		Daghestan	
Rassvet	43.9786	46.7111	Avar		Daghestan	
Serebryakovka	43.98115	46.8328	Chamalal		Daghestan	
Kumli	43.9906	46.0658	Nogai		Daghestan	
Plodopitomnik	43.99533	46.73344	Avar		Daghestan	
Karabagly	44.0089	46.5964	Armenian		Daghestan	
Novoterechnoe	44.01557	47.34915	Avar		Daghestan	
Malaya Areshevka	44.0208	46.8231	Avar		Daghestan	
Kerlikent	44.02694	46.74889	Avar		Daghestan	
Vyshetalovskiy	44.035	46.72333	Nogai		Daghestan	
Vyshetalovka	44.042518	46.725504	Tsez		Daghestan	
Oguzer	44.0508	47.0619	Nogai		Daghestan	
Imeni Kalinina	44.05499	46.93192	Lak		Daghestan	
Tarumovka	44.0733	46.5364	Avar		Daghestan	
Edige	44.07361	46.35778	Nogai		Daghestan	
Novodmitrievka	44.0808	46.4847	Nogai		Daghestan	
Karasu	44.08328	45.90582	Nogai		Daghestan	
Krasnoe (Selo)	44.100232	46.877563	Avar		Daghestan	
Bol'shaya Areshevka	44.107833	46.916939	Avar		Daghestan	
Chubutla	44.112498	46.374184	Avar		Daghestan	
Makarovskoe	44.121013	46.892273	Nogai		Daghestan	
Novyy Bakhtemir	44.131866	47.265502	Avar		Daghestan	
Sulutyube	44.13378	45.81648	Nogai		Daghestan	
Chervlennye Buruny	44.16142	45.62342	Nogai		Daghestan	
Terekli-Mekteb	44.1671	45.86975	Nogai		Daghestan	
Batyr-Murza	44.176052	45.695673	Nogai		Daghestan	
Yurkovka	44.1789	46.6797	Avar		Daghestan	
Nariman	44.189709	45.835784	Nogai		Daghestan	
Razdol'e	44.1942	46.5856	Avar		Daghestan	
Boranchi	44.21684	45.53166	Nogai		Daghestan	
Uy-Salgan	44.21889	45.15639	Nogai		Daghestan	
Shumly-Olik	44.24283	45.68992	Dargwa		Daghestan	
Ortatyube	44.24611	45.28167	Nogai		Daghestan	
Karagas	44.2514	45.3853	Nogai		Daghestan	
Novyy Chechen'	44.254761	47.07089	Avar		Daghestan	
Kunbatar	44.29337	45.58396	Nogai		Daghestan	
Tushilovka	44.3092	46.8814	Avar		Daghestan	
Kochubey	44.39179	46.54615	Avar		Daghestan	
Beretbinə			Avar	Zakatal	Azerbaijan	Zakatala
Белъелда			Avar	Zakatal	Azerbaijan	Belokan
Гъерел			Avar	Zakatal	Azerbaijan	Belokan
Гъортноб			Avar	Zakatal	Azerbaijan	Belokan
Кайса			Avar	Zakatal	Azerbaijan	Belokan
Паркет			Avar	Zakatal	Azerbaijan	Belokan
Цалда			Avar	Zakatal	Azerbaijan	Belokan
Ч1орода			Avar	Zakatal	Azerbaijan	Belokan
Бертала			Avar	Zakatal	Azerbaijan	Zakatala
Кикакоба			Avar	Zakatal	Azerbaijan	Zakatala
